product_id,category,supplier_name,supplier_rank,unit_cost_usd,ordering_cost_usd,annual_holding_cost_usd,holding_cost_pct,lead_time_days,min_order_qty,reliability_score,is_primary
PROD0001,Books,BookSupply DE,1,16.78,97.83,1.67,0.099,7,10,0.86,True
PROD0001,Books,PaperSource NL,2,18.18,38.57,2.35,0.129,9,200,0.95,False
PROD0002,Clothing,StyleSupply TR,1,48.77,88.22,11.99,0.246,5,50,0.85,True
PROD0003,Home & Kitchen,HomeGoods DE,1,128.68,100.39,22.25,0.173,8,50,0.76,True
PROD0004,Electronics,ElectroPrime EU,1,622.66,143.36,141.93,0.228,6,25,0.75,True
PROD0004,Electronics,GlobalTech USA,2,668.17,51.33,140.98,0.211,10,10,0.97,False
PROD0005,Clothing,FabricWorld CN,1,8.8,91.07,2.03,0.231,32,100,0.98,True
PROD0006,Beauty & Health,CosmeticsCo KR,1,60.32,31.5,15.79,0.262,39,200,0.95,True
PROD0006,Beauty & Health,BeautyLab FR,2,67.84,90.16,19.35,0.285,13,25,0.88,False
PROD0006,Beauty & Health,HealthSource SE,3,68.05,124.29,17.32,0.254,11,25,0.84,False
PROD0007,Books,BookSupply DE,1,32.05,112.47,4.4,0.137,15,10,0.84,True
PROD0008,Beauty & Health,HealthSource SE,1,4.58,63.02,1.16,0.254,11,50,0.91,True
PROD0009,Sports & Outdoors,OutdoorPro CA,1,181.86,69.78,45.16,0.248,5,100,0.88,True
PROD0009,Sports & Outdoors,ActiveGear TW,2,204.97,84.19,45.37,0.221,29,10,0.86,False
PROD0010,Sports & Outdoors,SportSupply US,1,24.26,86.11,5.93,0.244,9,50,0.88,True
PROD0011,Beauty & Health,CosmeticsCo KR,1,53.0,110.32,16.05,0.303,24,100,0.9,True
PROD0012,Electronics,TechSource Asia,1,546.64,124.97,122.32,0.224,11,200,0.82,True
PROD0012,Electronics,GlobalTech USA,2,609.38,20.07,116.49,0.191,5,10,0.87,False
PROD0012,Electronics,ElectroPrime EU,3,646.94,48.87,114.63,0.177,16,25,0.79,False
PROD0013,Clothing,EuroFashion IT,1,43.15,146.33,11.98,0.278,18,50,0.92,True
PROD0014,Toys & Games,PlaySupply US,1,42.8,85.35,9.12,0.213,7,25,0.9,True
PROD0015,Electronics,GlobalTech USA,1,701.89,91.88,144.28,0.206,9,100,0.81,True
PROD0015,Electronics,ElectroPrime EU,2,788.1,67.81,163.88,0.208,10,25,0.95,False
PROD0016,Books,PaperSource NL,1,33.77,110.46,4.78,0.142,16,50,0.75,True
PROD0016,Books,BookSupply DE,2,37.19,49.44,4.79,0.129,8,200,0.85,False
PROD0016,Books,PrintMedia UK,3,40.64,128.9,5.31,0.131,13,10,0.97,False
PROD0017,Sports & Outdoors,SportSupply US,1,137.32,126.24,30.67,0.223,3,25,0.77,True
PROD0017,Sports & Outdoors,ActiveGear TW,2,156.51,137.05,35.68,0.228,23,25,0.92,False
PROD0017,Sports & Outdoors,OutdoorPro CA,3,174.3,131.32,37.35,0.214,3,50,0.77,False
PROD0018,Toys & Games,ToyFactory CN,1,32.12,21.2,6.94,0.216,17,200,0.82,True
PROD0019,Beauty & Health,BeautyLab FR,1,54.5,149.28,14.2,0.261,8,25,0.83,True
PROD0019,Beauty & Health,CosmeticsCo KR,2,61.29,104.45,18.45,0.301,31,25,0.88,False
PROD0020,Books,PaperSource NL,1,27.05,96.68,4.02,0.149,7,100,0.9,True
PROD0020,Books,PrintMedia UK,2,30.55,85.34,3.81,0.125,5,10,0.92,False
PROD0021,Sports & Outdoors,ActiveGear TW,1,150.49,43.02,37.08,0.246,43,25,0.96,True
PROD0022,Clothing,EuroFashion IT,1,11.56,91.86,2.94,0.254,16,100,0.82,True
PROD0022,Clothing,StyleSupply TR,2,12.58,130.65,3.01,0.239,6,50,0.97,False
PROD0022,Clothing,FabricWorld CN,3,14.33,94.11,3.24,0.226,29,200,0.78,False
PROD0023,Clothing,FabricWorld CN,1,28.73,110.61,7.53,0.262,30,50,0.82,True
PROD0023,Clothing,EuroFashion IT,2,31.37,53.31,8.05,0.257,16,50,0.87,False
PROD0024,Toys & Games,GameSource JP,1,46.09,123.45,12.14,0.263,37,10,0.89,True
PROD0024,Toys & Games,PlaySupply US,2,50.42,107.36,11.58,0.23,8,50,0.76,False
PROD0024,Toys & Games,ToyFactory CN,3,51.04,126.94,11.82,0.232,42,25,0.95,False
PROD0025,Toys & Games,PlaySupply US,1,41.53,26.72,10.05,0.242,5,50,0.92,True
PROD0026,Clothing,FabricWorld CN,1,57.91,71.85,14.25,0.246,40,10,0.76,True
PROD0026,Clothing,EuroFashion IT,2,66.38,128.68,17.38,0.262,9,10,0.97,False
PROD0026,Clothing,StyleSupply TR,3,68.82,51.17,15.53,0.226,13,50,0.82,False
PROD0027,Clothing,FabricWorld CN,1,55.84,99.52,13.69,0.245,26,50,0.79,True
PROD0027,Clothing,StyleSupply TR,2,59.3,64.44,13.37,0.226,19,10,0.96,False
PROD0027,Clothing,EuroFashion IT,3,69.28,81.64,15.65,0.226,9,25,0.79,False
PROD0028,Home & Kitchen,HomeGoods DE,1,121.73,102.56,18.59,0.153,19,10,0.97,True
PROD0028,Home & Kitchen,KitchenPro PL,2,133.92,90.12,25.58,0.191,12,200,0.98,False
PROD0029,Home & Kitchen,HomeGoods DE,1,117.88,70.46,22.23,0.189,5,100,0.95,True
PROD0029,Home & Kitchen,KitchenPro PL,2,131.15,126.66,24.8,0.189,15,10,0.77,False
PROD0029,Home & Kitchen,DomesticSupply UK,3,132.04,22.37,20.55,0.156,7,25,0.91,False
PROD0030,Beauty & Health,BeautyLab FR,1,44.37,53.89,12.41,0.28,14,50,0.9,True
PROD0030,Beauty & Health,CosmeticsCo KR,2,50.48,115.56,15.05,0.298,39,50,0.85,False
PROD0031,Clothing,StyleSupply TR,1,31.13,36.6,7.32,0.235,12,100,0.88,True
PROD0031,Clothing,FabricWorld CN,2,33.43,108.38,8.84,0.264,17,10,0.97,False
PROD0032,Beauty & Health,CosmeticsCo KR,1,26.89,33.0,6.81,0.253,43,200,0.77,True
PROD0032,Beauty & Health,HealthSource SE,2,29.09,143.51,8.93,0.307,7,25,0.77,False
PROD0033,Books,PaperSource NL,1,29.67,117.81,4.08,0.137,13,10,0.97,True
PROD0034,Toys & Games,GameSource JP,1,62.8,115.81,15.25,0.243,25,10,0.78,True
PROD0034,Toys & Games,ToyFactory CN,2,70.72,100.37,15.28,0.216,21,25,0.8,False
PROD0034,Toys & Games,PlaySupply US,3,74.06,135.95,16.2,0.219,7,25,0.89,False
PROD0035,Books,PrintMedia UK,1,13.83,138.0,1.74,0.126,8,25,0.77,True
PROD0035,Books,PaperSource NL,2,15.6,92.59,1.8,0.115,14,25,0.85,False
PROD0035,Books,BookSupply DE,3,15.91,72.68,1.98,0.124,8,10,0.78,False
PROD0036,Clothing,StyleSupply TR,1,10.89,145.08,2.64,0.242,5,10,0.88,True
PROD0036,Clothing,EuroFashion IT,2,11.91,124.27,3.32,0.279,17,10,0.96,False
PROD0037,Beauty & Health,BeautyLab FR,1,17.92,92.0,5.52,0.308,6,10,0.8,True
PROD0037,Beauty & Health,HealthSource SE,2,19.34,149.46,5.64,0.292,7,200,0.76,False
PROD0038,Clothing,FabricWorld CN,1,90.9,63.64,20.92,0.23,18,25,0.83,True
PROD0039,Toys & Games,PlaySupply US,1,31.59,78.92,6.7,0.212,11,25,0.95,True
PROD0039,Toys & Games,GameSource JP,2,35.33,41.14,9.35,0.265,43,200,0.85,False
PROD0040,Electronics,GlobalTech USA,1,317.83,133.97,64.55,0.203,7,10,0.84,True
PROD0040,Electronics,ElectroPrime EU,2,359.48,148.35,64.36,0.179,9,50,0.84,False
PROD0041,Books,BookSupply DE,1,36.44,24.79,3.57,0.098,9,10,0.96,True
PROD0041,Books,PaperSource NL,2,41.22,149.96,6.17,0.15,9,50,0.92,False
PROD0041,Books,PrintMedia UK,3,45.6,69.12,4.76,0.104,13,10,0.98,False
PROD0042,Electronics,GlobalTech USA,1,755.89,100.36,144.75,0.191,10,10,0.87,True
PROD0042,Electronics,TechSource Asia,2,829.68,128.08,156.37,0.188,5,50,0.88,False
PROD0043,Clothing,StyleSupply TR,1,72.96,23.74,19.36,0.265,9,50,0.94,True
PROD0043,Clothing,EuroFashion IT,2,83.2,100.24,23.2,0.279,6,50,0.84,False
PROD0043,Clothing,FabricWorld CN,3,86.64,137.54,20.87,0.241,20,25,0.97,False
PROD0044,Home & Kitchen,DomesticSupply UK,1,235.68,123.54,41.85,0.178,5,25,0.81,True
PROD0045,Electronics,TechSource Asia,1,51.77,62.74,10.77,0.208,15,10,0.78,True
PROD0045,Electronics,GlobalTech USA,2,55.02,39.75,9.81,0.178,10,10,0.92,False
PROD0046,Toys & Games,PlaySupply US,1,58.38,42.4,12.93,0.222,5,100,0.83,True
PROD0046,Toys & Games,ToyFactory CN,2,63.33,24.13,15.38,0.243,19,25,0.8,False
PROD0047,Sports & Outdoors,ActiveGear TW,1,247.37,25.11,58.87,0.238,39,50,0.87,True
PROD0047,Sports & Outdoors,OutdoorPro CA,2,263.62,69.05,50.13,0.19,6,100,0.93,False
PROD0048,Beauty & Health,HealthSource SE,1,47.35,82.99,13.59,0.287,11,50,0.92,True
PROD0049,Toys & Games,ToyFactory CN,1,11.12,109.33,2.9,0.261,25,50,0.78,True
PROD0050,Books,BookSupply DE,1,32.77,55.0,3.69,0.113,14,50,0.95,True
PROD0050,Books,PrintMedia UK,2,34.7,89.59,3.61,0.104,17,50,0.91,False
PROD0051,Clothing,EuroFashion IT,1,14.77,89.82,3.77,0.255,12,50,0.89,True
PROD0051,Clothing,StyleSupply TR,2,16.07,63.87,4.4,0.274,6,25,0.87,False
PROD0051,Clothing,FabricWorld CN,3,17.22,141.38,3.8,0.22,35,10,0.81,False
PROD0052,Sports & Outdoors,ActiveGear TW,1,51.8,42.54,12.63,0.244,37,10,0.75,True
PROD0053,Home & Kitchen,HomeGoods DE,1,216.04,146.03,43.63,0.202,10,200,0.87,True
PROD0053,Home & Kitchen,KitchenPro PL,2,242.46,126.71,46.82,0.193,15,50,0.82,False
PROD0054,Clothing,FabricWorld CN,1,94.8,75.31,23.74,0.25,31,50,0.92,True
PROD0054,Clothing,EuroFashion IT,2,106.82,31.35,26.74,0.25,19,25,0.88,False
PROD0054,Clothing,StyleSupply TR,3,105.26,63.76,24.01,0.228,11,50,0.8,False
PROD0055,Clothing,StyleSupply TR,1,85.02,118.83,21.74,0.256,12,50,0.94,True
PROD0055,Clothing,EuroFashion IT,2,90.18,130.59,23.88,0.265,6,10,0.93,False
PROD0056,Books,BookSupply DE,1,21.94,113.81,2.04,0.093,17,10,0.94,True
PROD0056,Books,PrintMedia UK,2,23.48,41.28,2.34,0.1,9,25,0.9,False
PROD0056,Books,PaperSource NL,3,28.12,61.11,3.52,0.125,6,100,0.86,False
PROD0057,Clothing,StyleSupply TR,1,66.32,117.19,16.59,0.25,13,25,0.84,True
PROD0057,Clothing,FabricWorld CN,2,73.16,28.66,17.1,0.234,21,10,0.98,False
PROD0058,Clothing,FabricWorld CN,1,118.66,134.22,29.63,0.25,44,100,0.94,True
PROD0058,Clothing,EuroFashion IT,2,126.39,60.52,29.69,0.235,11,10,0.8,False
PROD0059,Clothing,StyleSupply TR,1,94.94,33.38,23.94,0.252,19,100,0.78,True
PROD0059,Clothing,EuroFashion IT,2,103.46,123.65,23.69,0.229,19,25,0.94,False
PROD0059,Clothing,FabricWorld CN,3,104.67,97.8,26.58,0.254,40,25,0.83,False
PROD0060,Clothing,FabricWorld CN,1,46.53,72.11,11.53,0.248,28,50,0.97,True
PROD0061,Beauty & Health,CosmeticsCo KR,1,65.56,114.39,18.72,0.286,26,50,0.92,True
PROD0062,Books,PrintMedia UK,1,32.28,68.68,3.04,0.094,7,50,0.97,True
PROD0062,Books,BookSupply DE,2,36.88,78.61,3.57,0.097,9,10,0.79,False
PROD0062,Books,PaperSource NL,3,40.91,63.18,4.45,0.109,7,50,0.85,False
PROD0063,Clothing,EuroFashion IT,1,130.75,20.6,31.38,0.24,19,25,0.96,True
PROD0064,Toys & Games,ToyFactory CN,1,39.05,139.4,9.58,0.245,41,25,0.78,True
PROD0064,Toys & Games,PlaySupply US,2,41.69,84.79,9.8,0.235,10,25,0.94,False
PROD0064,Toys & Games,GameSource JP,3,45.12,48.61,10.05,0.223,31,10,0.98,False
PROD0065,Clothing,FabricWorld CN,1,125.14,149.59,31.3,0.25,15,25,0.85,True
PROD0066,Home & Kitchen,HomeGoods DE,1,129.77,44.79,19.75,0.152,18,100,0.89,True
PROD0066,Home & Kitchen,KitchenPro PL,2,140.07,112.83,25.44,0.182,10,25,0.85,False
PROD0067,Home & Kitchen,HomeGoods DE,1,39.42,132.03,8.15,0.207,14,25,0.9,True
PROD0067,Home & Kitchen,KitchenPro PL,2,43.0,23.3,6.85,0.159,6,100,0.85,False
PROD0068,Electronics,TechSource Asia,1,156.37,85.72,32.17,0.206,13,100,0.79,True
PROD0068,Electronics,ElectroPrime EU,2,174.4,50.96,30.69,0.176,12,50,0.96,False
PROD0069,Clothing,EuroFashion IT,1,74.56,58.11,20.41,0.274,11,50,0.93,True
PROD0069,Clothing,StyleSupply TR,2,84.61,35.96,23.06,0.273,17,25,0.96,False
PROD0069,Clothing,FabricWorld CN,3,94.21,64.44,22.19,0.236,16,25,0.76,False
PROD0070,Electronics,GlobalTech USA,1,323.8,67.16,71.77,0.222,5,200,0.93,True
PROD0070,Electronics,ElectroPrime EU,2,344.53,132.9,68.65,0.199,18,25,0.79,False
PROD0070,Electronics,TechSource Asia,3,387.57,86.62,83.13,0.215,6,50,0.81,False
PROD0071,Electronics,TechSource Asia,1,144.44,88.34,26.04,0.18,11,50,0.95,True
PROD0072,Sports & Outdoors,ActiveGear TW,1,230.05,28.73,49.3,0.214,20,100,0.8,True
PROD0072,Sports & Outdoors,OutdoorPro CA,2,241.81,37.8,59.0,0.244,8,50,0.81,False
PROD0073,Clothing,StyleSupply TR,1,30.38,128.95,7.42,0.244,18,50,0.76,True
PROD0073,Clothing,EuroFashion IT,2,32.4,115.94,7.29,0.225,8,100,0.77,False
PROD0074,Electronics,TechSource Asia,1,847.82,113.8,175.18,0.207,10,25,0.91,True
PROD0074,Electronics,ElectroPrime EU,2,969.64,115.23,177.34,0.183,8,50,0.79,False
PROD0074,Electronics,GlobalTech USA,3,1075.3,130.03,244.43,0.227,4,50,0.86,False
PROD0075,Sports & Outdoors,SportSupply US,1,195.55,109.49,42.26,0.216,9,10,0.77,True
PROD0075,Sports & Outdoors,OutdoorPro CA,2,205.37,145.8,39.09,0.19,5,25,0.94,False
PROD0076,Sports & Outdoors,OutdoorPro CA,1,254.34,87.77,49.65,0.195,10,100,0.9,True
PROD0076,Sports & Outdoors,SportSupply US,2,286.36,114.13,65.36,0.228,10,25,0.87,False
PROD0076,Sports & Outdoors,ActiveGear TW,3,291.03,148.4,71.78,0.247,29,10,0.89,False
PROD0077,Home & Kitchen,DomesticSupply UK,1,189.8,60.67,29.84,0.157,11,25,0.97,True
PROD0077,Home & Kitchen,HomeGoods DE,2,217.72,142.75,38.85,0.178,18,10,0.86,False
PROD0077,Home & Kitchen,KitchenPro PL,3,228.61,103.79,43.21,0.189,12,25,0.78,False
PROD0078,Beauty & Health,HealthSource SE,1,64.23,114.22,16.31,0.254,19,100,0.88,True
PROD0079,Beauty & Health,CosmeticsCo KR,1,4.96,75.49,1.5,0.303,16,10,0.96,True
PROD0079,Beauty & Health,HealthSource SE,2,5.22,133.71,1.47,0.282,7,10,0.75,False
PROD0080,Home & Kitchen,KitchenPro PL,1,55.84,82.37,10.32,0.185,16,200,0.93,True
PROD0081,Sports & Outdoors,ActiveGear TW,1,221.45,51.04,43.54,0.197,28,25,0.95,True
PROD0081,Sports & Outdoors,SportSupply US,2,248.37,96.58,51.32,0.207,7,200,0.85,False
PROD0082,Clothing,FabricWorld CN,1,7.91,53.67,2.02,0.255,21,100,0.98,True
PROD0082,Clothing,StyleSupply TR,2,8.68,99.74,2.0,0.23,8,10,0.85,False
PROD0083,Books,PaperSource NL,1,35.22,35.64,3.27,0.093,13,25,0.79,True
PROD0083,Books,PrintMedia UK,2,39.73,65.52,3.71,0.093,19,25,0.87,False
PROD0083,Books,BookSupply DE,3,42.95,88.25,4.54,0.106,7,100,0.92,False
PROD0084,Toys & Games,ToyFactory CN,1,46.38,117.22,9.84,0.212,18,50,0.77,True
PROD0085,Sports & Outdoors,SportSupply US,1,147.3,135.54,36.43,0.247,11,25,0.97,True
PROD0085,Sports & Outdoors,ActiveGear TW,2,165.49,56.58,33.95,0.205,20,25,0.92,False
PROD0085,Sports & Outdoors,OutdoorPro CA,3,176.64,30.54,35.9,0.203,7,200,0.76,False
PROD0086,Clothing,EuroFashion IT,1,22.34,94.27,5.8,0.26,12,50,0.81,True
PROD0086,Clothing,FabricWorld CN,2,25.42,123.67,6.6,0.26,15,10,0.79,False
PROD0086,Clothing,StyleSupply TR,3,26.07,51.03,7.19,0.276,8,50,0.93,False
PROD0087,Toys & Games,PlaySupply US,1,28.45,23.8,7.38,0.26,7,50,0.79,True
PROD0088,Beauty & Health,CosmeticsCo KR,1,34.76,20.83,9.29,0.267,28,25,0.88,True
PROD0088,Beauty & Health,BeautyLab FR,2,36.9,68.97,9.25,0.251,17,100,0.78,False
PROD0088,Beauty & Health,HealthSource SE,3,43.53,90.36,13.4,0.308,19,25,0.79,False
PROD0089,Electronics,TechSource Asia,1,848.21,120.21,192.41,0.227,5,100,0.92,True
PROD0089,Electronics,GlobalTech USA,2,930.79,27.53,162.41,0.174,4,100,0.98,False
PROD0089,Electronics,ElectroPrime EU,3,1097.39,117.45,195.12,0.178,17,25,0.77,False
PROD0090,Sports & Outdoors,SportSupply US,1,77.94,52.83,14.81,0.19,4,25,0.99,True
PROD0090,Sports & Outdoors,ActiveGear TW,2,85.16,78.68,17.02,0.2,37,100,0.82,False
PROD0090,Sports & Outdoors,OutdoorPro CA,3,98.83,120.47,20.14,0.204,5,200,0.79,False
PROD0091,Toys & Games,PlaySupply US,1,58.97,103.01,13.79,0.234,11,25,0.82,True
PROD0091,Toys & Games,GameSource JP,2,63.81,114.17,16.26,0.255,17,10,0.91,False
PROD0092,Clothing,FabricWorld CN,1,55.4,145.87,12.8,0.231,31,10,0.79,True
PROD0092,Clothing,StyleSupply TR,2,60.68,88.95,13.41,0.221,17,10,0.76,False
PROD0093,Clothing,FabricWorld CN,1,80.05,82.6,18.17,0.227,31,50,0.81,True
PROD0093,Clothing,StyleSupply TR,2,88.52,49.32,20.33,0.23,10,50,0.81,False
PROD0093,Clothing,EuroFashion IT,3,100.82,60.35,24.93,0.247,12,25,0.91,False
PROD0094,Books,BookSupply DE,1,7.95,105.41,1.08,0.135,16,100,0.76,True
PROD0094,Books,PrintMedia UK,2,8.73,33.64,0.91,0.105,13,50,0.75,False
PROD0095,Electronics,GlobalTech USA,1,765.37,142.36,133.44,0.174,3,10,0.83,True
PROD0095,Electronics,ElectroPrime EU,2,806.18,30.22,156.25,0.194,6,200,0.8,False
PROD0096,Books,PrintMedia UK,1,36.19,107.15,5.32,0.147,17,50,0.76,True
PROD0096,Books,BookSupply DE,2,41.39,26.76,5.07,0.122,6,200,0.98,False
PROD0097,Clothing,EuroFashion IT,1,107.34,30.41,29.38,0.274,8,50,0.94,True
PROD0097,Clothing,FabricWorld CN,2,117.87,25.3,27.09,0.23,28,10,0.76,False
PROD0098,Home & Kitchen,KitchenPro PL,1,64.84,48.5,13.52,0.209,8,50,0.96,True
PROD0099,Beauty & Health,BeautyLab FR,1,66.4,113.5,17.51,0.264,12,200,0.91,True
PROD0099,Beauty & Health,HealthSource SE,2,71.04,108.43,18.07,0.254,19,25,0.95,False
PROD0100,Sports & Outdoors,SportSupply US,1,252.21,130.01,57.43,0.228,6,50,0.88,True
PROD0101,Electronics,GlobalTech USA,1,370.45,71.42,76.45,0.206,4,100,0.91,True
PROD0101,Electronics,ElectroPrime EU,2,425.73,56.9,81.55,0.192,7,50,0.9,False
PROD0102,Sports & Outdoors,ActiveGear TW,1,54.77,138.17,11.0,0.201,26,25,0.87,True
PROD0102,Sports & Outdoors,SportSupply US,2,59.77,28.99,12.92,0.216,8,100,0.86,False
PROD0102,Sports & Outdoors,OutdoorPro CA,3,65.89,66.7,14.86,0.226,8,50,0.82,False
PROD0103,Clothing,StyleSupply TR,1,119.28,96.49,30.53,0.256,8,200,0.86,True
PROD0103,Clothing,FabricWorld CN,2,128.06,29.55,29.48,0.23,24,25,0.91,False
PROD0104,Toys & Games,GameSource JP,1,14.89,143.32,3.35,0.225,36,10,0.76,True
PROD0105,Clothing,EuroFashion IT,1,101.03,129.74,27.11,0.268,16,100,0.88,True
PROD0105,Clothing,StyleSupply TR,2,111.54,24.44,31.14,0.279,13,50,0.97,False
PROD0105,Clothing,FabricWorld CN,3,111.93,35.87,27.66,0.247,35,10,0.77,False
PROD0106,Home & Kitchen,HomeGoods DE,1,165.83,145.47,24.92,0.15,6,25,0.98,True
PROD0106,Home & Kitchen,DomesticSupply UK,2,183.74,53.05,33.31,0.181,11,50,0.78,False
PROD0107,Clothing,EuroFashion IT,1,131.03,46.24,34.12,0.26,6,10,0.93,True
PROD0108,Home & Kitchen,DomesticSupply UK,1,103.94,53.19,19.72,0.19,11,200,0.91,True
PROD0109,Clothing,EuroFashion IT,1,35.36,94.18,7.84,0.222,12,100,0.97,True
PROD0109,Clothing,StyleSupply TR,2,39.25,142.31,10.58,0.27,9,50,0.83,False
PROD0110,Beauty & Health,CosmeticsCo KR,1,41.24,72.9,12.46,0.302,23,10,0.82,True
PROD0111,Books,PaperSource NL,1,9.83,140.34,1.14,0.116,6,100,0.94,True
PROD0112,Toys & Games,PlaySupply US,1,11.58,90.78,2.44,0.21,3,25,0.85,True
PROD0112,Toys & Games,ToyFactory CN,2,12.96,70.51,3.07,0.237,31,50,0.86,False
PROD0113,Books,BookSupply DE,1,38.16,103.53,5.17,0.136,13,25,0.96,True
PROD0114,Electronics,TechSource Asia,1,722.92,64.36,139.39,0.193,6,50,0.81,True
PROD0114,Electronics,GlobalTech USA,2,793.53,71.27,161.06,0.203,4,50,0.88,False
PROD0115,Electronics,ElectroPrime EU,1,513.79,29.27,116.77,0.227,8,200,0.76,True
PROD0115,Electronics,TechSource Asia,2,587.49,65.71,103.45,0.176,17,50,0.88,False
PROD0115,Electronics,GlobalTech USA,3,634.03,140.85,128.03,0.202,10,25,0.9,False
PROD0116,Clothing,StyleSupply TR,1,120.62,35.85,27.85,0.231,19,100,0.94,True
PROD0116,Clothing,EuroFashion IT,2,128.88,58.39,34.49,0.268,17,25,0.98,False
PROD0116,Clothing,FabricWorld CN,3,144.35,124.78,36.52,0.253,38,50,0.78,False
PROD0117,Toys & Games,ToyFactory CN,1,7.43,97.16,1.91,0.258,29,50,0.85,True
PROD0118,Beauty & Health,CosmeticsCo KR,1,65.8,59.27,19.34,0.294,18,25,0.91,True
PROD0118,Beauty & Health,HealthSource SE,2,69.72,101.1,19.32,0.277,6,10,0.81,False
PROD0118,Beauty & Health,BeautyLab FR,3,83.82,81.48,23.65,0.282,10,10,0.9,False
PROD0119,Beauty & Health,BeautyLab FR,1,77.06,102.16,19.54,0.254,13,200,0.78,True
PROD0119,Beauty & Health,HealthSource SE,2,86.27,72.56,23.78,0.276,11,50,0.75,False
PROD0120,Home & Kitchen,DomesticSupply UK,1,65.36,63.84,13.36,0.204,17,10,0.77,True
PROD0120,Home & Kitchen,HomeGoods DE,2,74.47,44.94,12.62,0.169,15,25,0.9,False
PROD0121,Electronics,TechSource Asia,1,310.41,50.38,62.83,0.202,10,50,0.91,True
PROD0121,Electronics,GlobalTech USA,2,333.1,79.39,60.43,0.181,4,200,0.91,False
PROD0122,Electronics,GlobalTech USA,1,490.58,27.82,99.95,0.204,6,200,0.9,True
PROD0122,Electronics,TechSource Asia,2,552.14,42.16,107.43,0.195,18,25,0.93,False
PROD0123,Beauty & Health,BeautyLab FR,1,16.38,35.58,5.05,0.308,10,200,0.97,True
PROD0123,Beauty & Health,HealthSource SE,2,18.08,129.46,5.09,0.281,10,25,0.94,False
PROD0124,Electronics,GlobalTech USA,1,874.86,40.71,152.04,0.174,6,25,0.81,True
PROD0124,Electronics,ElectroPrime EU,2,950.11,31.39,214.93,0.226,13,50,0.95,False
PROD0124,Electronics,TechSource Asia,3,1011.29,142.51,224.91,0.222,10,200,0.87,False
PROD0125,Electronics,GlobalTech USA,1,502.58,140.98,88.95,0.177,4,50,0.91,True
PROD0125,Electronics,ElectroPrime EU,2,554.47,113.78,98.96,0.178,11,25,0.77,False
PROD0125,Electronics,TechSource Asia,3,593.34,42.56,125.61,0.212,6,200,0.89,False
PROD0126,Sports & Outdoors,OutdoorPro CA,1,229.05,60.78,51.85,0.226,3,50,0.93,True
PROD0126,Sports & Outdoors,ActiveGear TW,2,244.51,85.33,52.31,0.214,39,50,0.78,False
PROD0126,Sports & Outdoors,SportSupply US,3,273.86,85.79,55.85,0.204,6,25,0.78,False
PROD0127,Electronics,ElectroPrime EU,1,431.6,104.53,77.31,0.179,7,50,0.8,True
PROD0127,Electronics,GlobalTech USA,2,462.32,83.0,99.52,0.215,10,25,0.85,False
PROD0128,Sports & Outdoors,SportSupply US,1,261.6,54.5,52.49,0.201,3,50,0.99,True
PROD0129,Electronics,TechSource Asia,1,384.63,101.11,77.55,0.202,11,50,0.94,True
PROD0129,Electronics,ElectroPrime EU,2,419.43,105.03,80.22,0.191,15,25,0.95,False
PROD0129,Electronics,GlobalTech USA,3,479.53,120.01,81.84,0.171,4,10,0.85,False
PROD0130,Clothing,EuroFashion IT,1,48.74,44.66,12.53,0.257,17,10,0.81,True
PROD0130,Clothing,StyleSupply TR,2,55.93,124.2,15.52,0.278,8,25,0.81,False
PROD0130,Clothing,FabricWorld CN,3,59.91,84.91,14.14,0.236,35,25,0.79,False
PROD0131,Electronics,TechSource Asia,1,161.84,99.83,35.86,0.222,14,100,0.96,True
PROD0131,Electronics,GlobalTech USA,2,185.39,122.3,35.02,0.189,3,100,0.77,False
PROD0132,Sports & Outdoors,ActiveGear TW,1,131.58,121.55,31.51,0.24,37,50,0.96,True
PROD0133,Home & Kitchen,KitchenPro PL,1,91.06,87.39,14.48,0.159,16,50,0.91,True
PROD0133,Home & Kitchen,HomeGoods DE,2,95.99,31.02,18.52,0.193,17,100,0.78,False
PROD0134,Electronics,GlobalTech USA,1,578.42,58.55,110.47,0.191,5,50,0.79,True
PROD0135,Electronics,ElectroPrime EU,1,340.57,119.37,63.31,0.186,10,10,0.87,True
PROD0136,Toys & Games,PlaySupply US,1,52.78,46.74,11.47,0.217,6,100,0.9,True
PROD0136,Toys & Games,GameSource JP,2,58.22,25.45,15.61,0.268,35,10,0.86,False
PROD0136,Toys & Games,ToyFactory CN,3,59.26,83.18,15.72,0.265,30,100,0.91,False
PROD0137,Sports & Outdoors,SportSupply US,1,203.1,49.2,43.12,0.212,11,10,0.82,True
PROD0138,Books,PrintMedia UK,1,31.9,149.01,4.16,0.13,18,100,0.95,True
PROD0138,Books,BookSupply DE,2,36.43,52.79,4.93,0.135,9,200,0.93,False
PROD0138,Books,PaperSource NL,3,38.65,43.48,3.6,0.093,10,100,0.81,False
PROD0139,Home & Kitchen,DomesticSupply UK,1,162.55,109.09,25.28,0.156,6,25,0.87,True
PROD0139,Home & Kitchen,KitchenPro PL,2,184.34,115.26,33.65,0.183,17,50,0.9,False
PROD0140,Clothing,StyleSupply TR,1,76.63,95.03,20.89,0.273,9,10,0.86,True
PROD0141,Sports & Outdoors,OutdoorPro CA,1,187.51,148.94,36.74,0.196,4,25,0.88,True
PROD0142,Beauty & Health,HealthSource SE,1,30.96,66.2,9.2,0.297,8,50,0.95,True
PROD0142,Beauty & Health,BeautyLab FR,2,35.11,128.25,8.8,0.251,13,200,0.84,False
PROD0142,Beauty & Health,CosmeticsCo KR,3,36.08,39.36,9.68,0.268,38,50,0.78,False
PROD0143,Electronics,TechSource Asia,1,889.26,37.92,186.55,0.21,10,50,0.75,True
PROD0143,Electronics,GlobalTech USA,2,988.82,66.21,215.22,0.218,6,25,0.96,False
PROD0144,Beauty & Health,BeautyLab FR,1,41.59,49.31,12.15,0.292,12,50,0.91,True
PROD0144,Beauty & Health,HealthSource SE,2,47.02,55.08,14.08,0.3,5,50,0.79,False
PROD0145,Sports & Outdoors,ActiveGear TW,1,186.33,122.52,41.19,0.221,30,25,0.78,True
PROD0145,Sports & Outdoors,OutdoorPro CA,2,209.35,50.66,44.44,0.212,3,50,0.93,False
PROD0146,Home & Kitchen,DomesticSupply UK,1,186.77,102.88,33.58,0.18,19,10,0.85,True
PROD0146,Home & Kitchen,HomeGoods DE,2,211.79,69.9,39.04,0.184,9,10,0.84,False
PROD0146,Home & Kitchen,KitchenPro PL,3,217.94,23.41,33.01,0.151,18,50,0.92,False
PROD0147,Home & Kitchen,KitchenPro PL,1,138.78,130.85,22.7,0.164,9,100,0.79,True
PROD0147,Home & Kitchen,HomeGoods DE,2,156.86,79.56,28.07,0.179,10,50,0.76,False
PROD0147,Home & Kitchen,DomesticSupply UK,3,177.75,138.22,34.98,0.197,8,100,0.79,False
PROD0148,Beauty & Health,HealthSource SE,1,14.41,81.37,3.61,0.251,12,10,0.82,True
PROD0148,Beauty & Health,CosmeticsCo KR,2,15.51,52.11,4.72,0.304,38,200,0.84,False
PROD0149,Sports & Outdoors,SportSupply US,1,147.95,40.33,35.68,0.241,6,50,0.88,True
PROD0149,Sports & Outdoors,OutdoorPro CA,2,160.47,60.97,37.92,0.236,8,100,0.76,False
PROD0150,Electronics,TechSource Asia,1,595.59,26.79,116.22,0.195,18,50,0.99,True
PROD0150,Electronics,ElectroPrime EU,2,640.65,105.04,116.53,0.182,12,25,0.82,False
PROD0151,Home & Kitchen,KitchenPro PL,1,32.86,39.66,5.37,0.164,14,10,0.91,True
PROD0151,Home & Kitchen,DomesticSupply UK,2,36.29,147.47,5.94,0.164,16,50,0.77,False
PROD0151,Home & Kitchen,HomeGoods DE,3,40.8,90.66,6.32,0.155,10,100,0.85,False
PROD0152,Toys & Games,ToyFactory CN,1,53.92,32.68,14.11,0.262,33,50,0.88,True
PROD0153,Sports & Outdoors,ActiveGear TW,1,163.2,147.15,38.78,0.238,31,25,0.81,True
PROD0154,Toys & Games,ToyFactory CN,1,67.99,87.52,15.11,0.222,35,50,0.79,True
PROD0155,Sports & Outdoors,SportSupply US,1,52.16,117.59,11.66,0.223,4,10,0.86,True
PROD0156,Home & Kitchen,DomesticSupply UK,1,153.41,33.71,29.06,0.189,13,25,0.77,True
PROD0156,Home & Kitchen,KitchenPro PL,2,167.85,45.43,27.06,0.161,12,25,0.94,False
PROD0156,Home & Kitchen,HomeGoods DE,3,186.47,102.5,36.9,0.198,19,10,0.97,False
PROD0157,Books,PrintMedia UK,1,17.57,99.75,1.96,0.112,15,25,0.99,True
PROD0157,Books,PaperSource NL,2,18.7,46.26,1.89,0.101,9,50,0.95,False
PROD0158,Sports & Outdoors,ActiveGear TW,1,70.69,131.39,13.93,0.197,25,50,0.98,True
PROD0158,Sports & Outdoors,OutdoorPro CA,2,77.18,147.93,17.76,0.23,4,10,0.96,False
PROD0159,Sports & Outdoors,ActiveGear TW,1,39.62,92.77,8.78,0.222,39,100,0.8,True
PROD0159,Sports & Outdoors,SportSupply US,2,43.1,146.55,9.06,0.21,11,100,0.88,False
PROD0160,Sports & Outdoors,SportSupply US,1,245.75,104.72,51.32,0.209,10,25,0.95,True
PROD0160,Sports & Outdoors,OutdoorPro CA,2,266.28,42.59,61.97,0.233,10,10,0.92,False
PROD0160,Sports & Outdoors,ActiveGear TW,3,290.97,137.7,68.2,0.234,32,50,0.91,False
PROD0161,Toys & Games,GameSource JP,1,73.67,81.27,19.8,0.269,17,10,0.93,True
PROD0161,Toys & Games,ToyFactory CN,2,78.14,60.94,16.43,0.21,29,10,0.96,False
PROD0162,Clothing,StyleSupply TR,1,47.19,64.25,12.83,0.272,19,25,0.8,True
PROD0163,Beauty & Health,HealthSource SE,1,68.46,141.98,20.69,0.302,11,100,0.76,True
PROD0164,Home & Kitchen,KitchenPro PL,1,139.95,20.02,22.41,0.16,6,25,0.86,True
PROD0164,Home & Kitchen,HomeGoods DE,2,159.05,91.06,27.49,0.173,18,100,0.86,False
PROD0164,Home & Kitchen,DomesticSupply UK,3,154.45,74.79,23.42,0.152,10,25,0.96,False
PROD0165,Beauty & Health,HealthSource SE,1,48.22,124.64,12.11,0.251,11,50,0.88,True
PROD0166,Books,PaperSource NL,1,38.67,78.48,3.99,0.103,9,50,0.77,True
PROD0166,Books,BookSupply DE,2,41.54,21.61,4.91,0.118,13,100,0.77,False
PROD0167,Toys & Games,ToyFactory CN,1,23.62,28.38,6.2,0.263,16,50,0.89,True
PROD0168,Clothing,StyleSupply TR,1,134.18,51.14,35.92,0.268,18,25,0.81,True
PROD0168,Clothing,FabricWorld CN,2,151.48,94.54,39.31,0.26,30,100,0.89,False
PROD0168,Clothing,EuroFashion IT,3,150.68,32.2,41.37,0.275,8,100,0.77,False
PROD0169,Electronics,ElectroPrime EU,1,858.21,61.2,168.27,0.196,19,10,0.83,True
PROD0169,Electronics,GlobalTech USA,2,915.27,42.18,207.66,0.227,8,50,0.92,False
PROD0169,Electronics,TechSource Asia,3,984.78,86.61,173.57,0.176,10,100,0.98,False
PROD0170,Books,PaperSource NL,1,5.87,85.81,0.75,0.128,10,100,0.75,True
PROD0171,Sports & Outdoors,ActiveGear TW,1,271.02,51.05,59.13,0.218,39,25,0.87,True
PROD0172,Books,PrintMedia UK,1,11.18,46.91,1.35,0.121,10,100,0.76,True
PROD0173,Sports & Outdoors,OutdoorPro CA,1,223.02,77.01,45.3,0.203,8,200,0.85,True
PROD0173,Sports & Outdoors,SportSupply US,2,236.11,100.22,46.47,0.197,5,100,0.89,False
PROD0173,Sports & Outdoors,ActiveGear TW,3,246.65,107.8,47.53,0.193,25,10,0.82,False
PROD0174,Electronics,TechSource Asia,1,846.13,107.22,156.95,0.185,17,25,0.95,True
PROD0174,Electronics,ElectroPrime EU,2,969.25,126.76,164.86,0.17,15,10,0.92,False
PROD0175,Toys & Games,PlaySupply US,1,58.49,53.37,14.62,0.25,3,25,0.84,True
PROD0175,Toys & Games,GameSource JP,2,62.12,74.46,15.84,0.255,15,25,0.83,False
PROD0175,Toys & Games,ToyFactory CN,3,73.11,73.65,18.19,0.249,24,25,0.89,False
PROD0176,Clothing,EuroFashion IT,1,100.19,99.63,27.29,0.272,8,50,0.93,True
PROD0177,Clothing,FabricWorld CN,1,114.2,126.6,29.89,0.262,26,25,0.87,True
PROD0177,Clothing,StyleSupply TR,2,126.5,25.69,28.76,0.227,5,25,0.86,False
PROD0178,Clothing,FabricWorld CN,1,66.27,130.74,16.19,0.244,27,25,0.82,True
PROD0178,Clothing,EuroFashion IT,2,74.81,78.03,20.04,0.268,7,25,0.89,False
PROD0178,Clothing,StyleSupply TR,3,82.96,32.85,22.68,0.273,14,25,0.76,False
PROD0179,Beauty & Health,BeautyLab FR,1,57.24,75.97,14.8,0.259,12,100,0.98,True
PROD0179,Beauty & Health,HealthSource SE,2,62.05,87.24,16.92,0.273,7,25,0.77,False
PROD0180,Sports & Outdoors,SportSupply US,1,12.31,98.75,2.61,0.212,6,50,0.88,True
PROD0180,Sports & Outdoors,OutdoorPro CA,2,13.06,41.76,3.24,0.248,10,200,0.88,False
PROD0181,Books,PaperSource NL,1,18.75,140.33,2.15,0.115,7,10,0.93,True
PROD0182,Electronics,TechSource Asia,1,575.32,35.1,130.8,0.227,9,25,0.86,True
PROD0182,Electronics,GlobalTech USA,2,661.32,90.9,115.92,0.175,6,10,0.98,False
PROD0183,Clothing,StyleSupply TR,1,23.16,89.19,5.33,0.23,9,100,0.86,True
PROD0183,Clothing,EuroFashion IT,2,25.02,53.71,5.8,0.232,5,50,0.91,False
PROD0183,Clothing,FabricWorld CN,3,26.56,127.99,6.71,0.253,15,50,0.78,False
PROD0184,Home & Kitchen,HomeGoods DE,1,136.39,72.23,28.59,0.21,16,25,0.83,True
PROD0184,Home & Kitchen,KitchenPro PL,2,154.02,79.99,29.86,0.194,12,10,0.86,False
PROD0185,Electronics,ElectroPrime EU,1,478.69,138.23,102.12,0.213,17,25,0.76,True
PROD0185,Electronics,TechSource Asia,2,538.33,91.41,93.38,0.173,12,25,0.96,False
PROD0186,Home & Kitchen,KitchenPro PL,1,123.88,147.53,22.18,0.179,10,50,0.84,True
PROD0186,Home & Kitchen,DomesticSupply UK,2,133.61,46.42,26.15,0.196,19,50,0.97,False
PROD0186,Home & Kitchen,HomeGoods DE,3,145.24,114.34,29.58,0.204,15,25,0.95,False
PROD0187,Clothing,StyleSupply TR,1,104.82,149.5,23.43,0.224,17,25,0.95,True
PROD0187,Clothing,FabricWorld CN,2,119.42,28.12,32.6,0.273,41,10,0.98,False
PROD0187,Clothing,EuroFashion IT,3,119.93,115.42,31.87,0.266,10,50,0.92,False
PROD0188,Beauty & Health,BeautyLab FR,1,48.42,66.63,14.44,0.298,12,50,0.88,True
PROD0188,Beauty & Health,CosmeticsCo KR,2,54.68,148.77,14.33,0.262,40,100,0.82,False
PROD0189,Beauty & Health,CosmeticsCo KR,1,10.39,116.26,2.69,0.259,22,200,0.95,True
PROD0190,Home & Kitchen,DomesticSupply UK,1,176.67,33.57,30.73,0.174,6,10,0.85,True
PROD0190,Home & Kitchen,KitchenPro PL,2,192.7,28.58,32.94,0.171,7,50,0.89,False
PROD0190,Home & Kitchen,HomeGoods DE,3,218.99,20.79,34.17,0.156,10,25,0.77,False
PROD0191,Clothing,FabricWorld CN,1,78.76,26.53,17.67,0.224,27,50,0.8,True
PROD0191,Clothing,EuroFashion IT,2,89.5,72.17,21.26,0.238,12,25,0.97,False
PROD0192,Electronics,ElectroPrime EU,1,704.83,103.26,161.22,0.229,9,25,0.85,True
PROD0192,Electronics,GlobalTech USA,2,793.61,44.42,169.19,0.213,6,50,0.77,False
PROD0193,Books,PrintMedia UK,1,34.74,126.93,4.8,0.138,10,50,0.78,True
PROD0193,Books,PaperSource NL,2,39.66,113.69,4.52,0.114,19,25,0.78,False
PROD0194,Sports & Outdoors,SportSupply US,1,258.92,61.29,49.2,0.19,4,25,0.92,True
PROD0194,Sports & Outdoors,ActiveGear TW,2,273.49,129.11,52.03,0.19,19,200,0.77,False
PROD0195,Sports & Outdoors,SportSupply US,1,46.03,93.45,11.14,0.242,6,100,0.96,True
PROD0195,Sports & Outdoors,OutdoorPro CA,2,50.33,138.29,10.7,0.213,5,10,0.91,False
PROD0195,Sports & Outdoors,ActiveGear TW,3,55.18,70.39,12.58,0.228,38,50,0.78,False
PROD0196,Home & Kitchen,KitchenPro PL,1,119.16,56.2,18.8,0.158,8,50,0.82,True
PROD0197,Electronics,ElectroPrime EU,1,570.88,26.26,109.38,0.192,11,50,0.85,True
PROD0198,Electronics,TechSource Asia,1,327.0,68.08,56.62,0.173,13,10,0.88,True
PROD0198,Electronics,GlobalTech USA,2,356.95,113.55,68.63,0.192,8,25,0.96,False
PROD0199,Electronics,ElectroPrime EU,1,635.5,58.39,113.24,0.178,11,10,0.93,True
PROD0200,Clothing,EuroFashion IT,1,99.05,45.9,27.08,0.273,16,10,0.91,True
PROD0200,Clothing,StyleSupply TR,2,112.16,121.66,28.33,0.253,19,100,0.75,False
PROD0200,Clothing,FabricWorld CN,3,116.46,63.85,25.76,0.221,18,200,0.76,False
PROD0201,Electronics,GlobalTech USA,1,113.53,54.67,24.24,0.213,11,200,0.87,True
PROD0201,Electronics,TechSource Asia,2,126.9,60.54,27.47,0.216,19,25,0.78,False
PROD0201,Electronics,ElectroPrime EU,3,144.34,94.8,25.2,0.175,19,100,0.78,False
PROD0202,Electronics,ElectroPrime EU,1,92.95,87.33,17.74,0.191,18,50,0.89,True
PROD0203,Books,BookSupply DE,1,13.1,107.83,1.61,0.123,12,100,0.94,True
PROD0203,Books,PaperSource NL,2,14.35,71.74,1.55,0.108,7,50,0.97,False
PROD0204,Electronics,ElectroPrime EU,1,815.41,107.31,167.1,0.205,12,200,0.94,True
PROD0204,Electronics,GlobalTech USA,2,937.01,90.78,213.42,0.228,8,25,0.8,False
PROD0205,Books,PaperSource NL,1,37.88,121.57,4.72,0.125,15,200,0.88,True
PROD0206,Clothing,FabricWorld CN,1,129.43,125.28,35.83,0.277,20,25,0.86,True
PROD0206,Clothing,StyleSupply TR,2,147.42,112.0,32.98,0.224,5,200,0.87,False
PROD0206,Clothing,EuroFashion IT,3,148.33,25.79,36.33,0.245,10,50,0.81,False
PROD0207,Sports & Outdoors,OutdoorPro CA,1,234.91,55.71,56.01,0.238,4,50,0.79,True
PROD0207,Sports & Outdoors,SportSupply US,2,257.43,92.91,62.26,0.242,10,25,0.76,False
PROD0208,Electronics,ElectroPrime EU,1,536.21,70.94,112.36,0.21,13,10,0.98,True
PROD0208,Electronics,TechSource Asia,2,616.36,112.52,141.07,0.229,13,25,0.86,False
PROD0208,Electronics,GlobalTech USA,3,688.43,42.89,125.87,0.183,4,200,0.8,False
PROD0209,Electronics,ElectroPrime EU,1,580.72,144.82,116.89,0.201,6,200,0.84,True
PROD0209,Electronics,TechSource Asia,2,659.36,120.5,124.36,0.189,18,50,0.91,False
PROD0209,Electronics,GlobalTech USA,3,657.69,93.46,142.26,0.216,8,50,0.95,False
PROD0210,Electronics,GlobalTech USA,1,93.38,48.87,17.68,0.189,4,50,0.94,True
PROD0210,Electronics,TechSource Asia,2,100.42,51.95,19.5,0.194,16,50,0.78,False
PROD0210,Electronics,ElectroPrime EU,3,108.11,71.72,24.34,0.225,7,25,0.87,False
PROD0211,Toys & Games,ToyFactory CN,1,24.23,24.24,5.17,0.213,21,50,0.84,True
PROD0211,Toys & Games,PlaySupply US,2,27.35,52.63,6.67,0.244,4,50,0.81,False
PROD0212,Home & Kitchen,DomesticSupply UK,1,36.99,85.77,6.04,0.163,13,25,0.98,True
PROD0213,Books,BookSupply DE,1,14.68,95.61,1.71,0.116,7,25,0.83,True
PROD0214,Toys & Games,GameSource JP,1,24.69,137.49,6.44,0.261,19,25,0.94,True
PROD0214,Toys & Games,PlaySupply US,2,27.1,84.68,6.02,0.222,10,10,0.83,False
PROD0214,Toys & Games,ToyFactory CN,3,31.38,46.92,6.72,0.214,18,25,0.96,False
PROD0215,Sports & Outdoors,ActiveGear TW,1,134.77,26.19,31.48,0.234,43,100,0.91,True
PROD0215,Sports & Outdoors,SportSupply US,2,143.55,133.86,31.92,0.222,10,25,0.97,False
PROD0216,Electronics,GlobalTech USA,1,893.69,96.76,155.22,0.174,8,10,0.98,True
PROD0216,Electronics,ElectroPrime EU,2,958.58,59.55,180.44,0.188,7,100,0.76,False
PROD0217,Clothing,EuroFashion IT,1,85.39,116.45,23.13,0.271,11,50,0.97,True
PROD0218,Beauty & Health,HealthSource SE,1,38.79,68.22,11.8,0.304,10,25,0.8,True
PROD0218,Beauty & Health,BeautyLab FR,2,43.69,90.52,11.31,0.259,15,25,0.93,False
PROD0218,Beauty & Health,CosmeticsCo KR,3,42.83,54.97,12.04,0.281,31,200,0.76,False
PROD0219,Books,BookSupply DE,1,16.35,92.81,2.24,0.137,19,50,0.84,True
PROD0220,Clothing,FabricWorld CN,1,75.21,32.77,20.17,0.268,29,50,0.92,True
PROD0220,Clothing,EuroFashion IT,2,85.45,55.63,22.94,0.268,17,10,0.8,False
PROD0220,Clothing,StyleSupply TR,3,92.74,40.45,21.06,0.227,5,50,0.88,False
PROD0221,Sports & Outdoors,SportSupply US,1,169.33,41.19,40.16,0.237,6,25,0.76,True
PROD0221,Sports & Outdoors,OutdoorPro CA,2,192.0,21.48,44.59,0.232,4,25,0.81,False
PROD0221,Sports & Outdoors,ActiveGear TW,3,210.13,126.23,46.81,0.223,31,50,0.85,False
PROD0222,Home & Kitchen,HomeGoods DE,1,53.53,124.0,9.8,0.183,16,25,0.96,True
PROD0222,Home & Kitchen,DomesticSupply UK,2,60.54,108.03,11.35,0.188,6,100,0.91,False
PROD0223,Sports & Outdoors,ActiveGear TW,1,179.39,94.33,43.05,0.24,33,50,0.81,True
PROD0223,Sports & Outdoors,SportSupply US,2,191.28,44.3,36.57,0.191,7,25,0.83,False
PROD0223,Sports & Outdoors,OutdoorPro CA,3,219.62,63.43,51.38,0.234,7,10,0.94,False
PROD0224,Books,BookSupply DE,1,30.1,29.37,3.08,0.102,11,200,0.9,True
PROD0225,Home & Kitchen,KitchenPro PL,1,190.93,74.38,37.24,0.195,12,200,0.83,True
PROD0225,Home & Kitchen,HomeGoods DE,2,218.45,138.92,32.92,0.151,18,50,0.79,False
PROD0226,Sports & Outdoors,OutdoorPro CA,1,96.99,115.93,22.53,0.232,11,25,0.87,True
PROD0226,Sports & Outdoors,SportSupply US,2,102.56,98.71,22.67,0.221,5,25,0.82,False
PROD0226,Sports & Outdoors,ActiveGear TW,3,119.43,145.91,27.02,0.226,21,10,0.97,False
PROD0227,Beauty & Health,CosmeticsCo KR,1,39.29,79.54,10.04,0.256,16,25,0.75,True
PROD0228,Home & Kitchen,KitchenPro PL,1,34.16,111.86,6.37,0.187,13,50,0.81,True
PROD0228,Home & Kitchen,HomeGoods DE,2,35.87,42.63,5.63,0.157,13,10,0.98,False
PROD0228,Home & Kitchen,DomesticSupply UK,3,42.61,134.79,6.91,0.162,10,50,0.84,False
PROD0229,Electronics,ElectroPrime EU,1,869.32,141.71,176.05,0.203,7,200,0.85,True
PROD0230,Home & Kitchen,HomeGoods DE,1,13.0,147.01,2.03,0.156,6,50,0.83,True
PROD0230,Home & Kitchen,DomesticSupply UK,2,14.81,30.96,2.94,0.198,19,25,0.85,False
PROD0230,Home & Kitchen,KitchenPro PL,3,16.18,21.18,3.0,0.185,5,50,0.91,False
PROD0231,Electronics,GlobalTech USA,1,69.75,126.39,12.07,0.173,6,10,0.81,True
PROD0231,Electronics,ElectroPrime EU,2,74.73,55.2,13.81,0.185,12,25,0.85,False
PROD0231,Electronics,TechSource Asia,3,79.73,97.62,16.4,0.206,18,200,0.95,False
PROD0232,Clothing,FabricWorld CN,1,59.38,90.75,13.78,0.232,24,50,0.81,True
PROD0232,Clothing,StyleSupply TR,2,68.21,57.89,18.16,0.266,5,200,0.89,False
PROD0232,Clothing,EuroFashion IT,3,71.71,54.95,17.36,0.242,10,100,0.76,False
PROD0233,Home & Kitchen,DomesticSupply UK,1,25.6,102.93,5.12,0.2,12,25,0.91,True
PROD0233,Home & Kitchen,HomeGoods DE,2,29.28,28.32,5.84,0.199,10,100,0.89,False
PROD0233,Home & Kitchen,KitchenPro PL,3,29.19,96.73,5.09,0.174,15,25,0.97,False
PROD0234,Clothing,StyleSupply TR,1,54.64,105.17,12.87,0.236,10,10,0.87,True
PROD0235,Clothing,EuroFashion IT,1,91.59,125.84,23.91,0.261,7,100,0.75,True
PROD0235,Clothing,StyleSupply TR,2,104.64,77.63,26.5,0.253,13,25,0.83,False
PROD0235,Clothing,FabricWorld CN,3,115.93,122.61,27.65,0.238,37,200,0.83,False
PROD0236,Electronics,TechSource Asia,1,401.38,133.92,70.7,0.176,13,10,0.95,True
PROD0236,Electronics,GlobalTech USA,2,435.45,87.81,94.78,0.218,9,100,0.96,False
PROD0237,Clothing,StyleSupply TR,1,104.08,40.85,27.1,0.26,17,50,0.84,True
PROD0237,Clothing,EuroFashion IT,2,114.38,75.85,30.25,0.264,9,50,0.93,False
PROD0237,Clothing,FabricWorld CN,3,125.21,40.98,28.17,0.225,31,25,0.93,False
PROD0238,Clothing,FabricWorld CN,1,63.99,95.68,14.53,0.227,24,50,0.81,True
PROD0238,Clothing,EuroFashion IT,2,67.56,70.83,15.81,0.234,19,50,0.89,False
PROD0238,Clothing,StyleSupply TR,3,83.01,73.92,22.02,0.265,5,50,0.92,False
PROD0239,Clothing,StyleSupply TR,1,26.47,73.55,7.21,0.272,6,10,0.98,True
PROD0239,Clothing,EuroFashion IT,2,29.64,84.44,8.18,0.276,11,10,0.92,False
PROD0239,Clothing,FabricWorld CN,3,30.21,70.94,8.27,0.274,21,100,0.98,False
PROD0240,Books,PaperSource NL,1,32.57,107.52,3.73,0.114,17,50,0.92,True
PROD0240,Books,PrintMedia UK,2,35.02,21.3,4.67,0.133,12,100,0.86,False
PROD0240,Books,BookSupply DE,3,41.52,46.45,4.05,0.098,10,100,0.86,False
PROD0241,Books,PaperSource NL,1,33.29,80.62,3.15,0.095,18,50,0.75,True
PROD0242,Sports & Outdoors,ActiveGear TW,1,238.85,82.3,47.99,0.201,22,200,0.77,True
PROD0243,Electronics,GlobalTech USA,1,766.38,124.5,150.22,0.196,5,25,0.83,True
PROD0243,Electronics,ElectroPrime EU,2,833.25,28.93,160.13,0.192,15,25,0.76,False
PROD0244,Books,PrintMedia UK,1,23.5,106.02,2.8,0.119,16,50,0.77,True
PROD0244,Books,BookSupply DE,2,24.92,26.33,3.11,0.125,13,50,0.94,False
PROD0245,Clothing,FabricWorld CN,1,85.38,38.24,22.22,0.26,26,50,0.79,True
PROD0245,Clothing,StyleSupply TR,2,91.31,135.75,24.2,0.265,5,25,0.9,False
PROD0245,Clothing,EuroFashion IT,3,101.31,120.66,27.47,0.271,9,50,0.79,False
PROD0246,Clothing,StyleSupply TR,1,72.31,46.29,17.27,0.239,12,50,0.96,True
PROD0246,Clothing,EuroFashion IT,2,82.21,114.16,21.76,0.265,5,50,0.78,False
PROD0247,Home & Kitchen,HomeGoods DE,1,187.33,76.04,34.27,0.183,13,25,0.98,True
PROD0247,Home & Kitchen,KitchenPro PL,2,208.62,62.19,34.67,0.166,16,25,0.82,False
PROD0248,Home & Kitchen,HomeGoods DE,1,79.1,120.98,15.76,0.199,11,200,0.94,True
PROD0248,Home & Kitchen,KitchenPro PL,2,89.17,117.22,14.18,0.159,12,10,0.81,False
PROD0249,Books,PaperSource NL,1,22.23,92.45,2.05,0.092,6,100,0.85,True
PROD0250,Home & Kitchen,KitchenPro PL,1,175.28,106.68,27.28,0.156,12,25,0.89,True
PROD0251,Books,PrintMedia UK,1,38.32,141.36,5.29,0.138,17,100,0.99,True
PROD0252,Toys & Games,ToyFactory CN,1,54.69,36.91,11.56,0.211,41,100,0.85,True
PROD0253,Sports & Outdoors,SportSupply US,1,137.37,22.23,33.66,0.245,3,100,0.76,True
PROD0254,Clothing,FabricWorld CN,1,91.5,101.2,24.88,0.272,24,25,0.77,True
PROD0254,Clothing,StyleSupply TR,2,101.92,115.29,26.56,0.261,17,25,0.8,False
PROD0254,Clothing,EuroFashion IT,3,111.57,140.66,30.77,0.276,11,50,0.9,False
PROD0255,Home & Kitchen,DomesticSupply UK,1,125.62,131.94,22.32,0.178,10,50,0.76,True
PROD0255,Home & Kitchen,KitchenPro PL,2,137.61,107.72,26.24,0.191,6,10,0.97,False
PROD0256,Clothing,StyleSupply TR,1,43.47,146.65,9.75,0.224,10,10,0.9,True
PROD0256,Clothing,FabricWorld CN,2,48.25,43.32,12.66,0.262,36,50,0.86,False
PROD0257,Home & Kitchen,HomeGoods DE,1,87.59,23.25,14.04,0.16,19,100,0.94,True
PROD0257,Home & Kitchen,DomesticSupply UK,2,100.39,89.67,18.0,0.179,18,100,0.89,False
PROD0257,Home & Kitchen,KitchenPro PL,3,110.96,103.54,17.17,0.155,15,50,0.84,False
PROD0258,Sports & Outdoors,OutdoorPro CA,1,213.21,139.04,48.39,0.227,9,100,0.91,True
PROD0259,Electronics,ElectroPrime EU,1,471.76,45.56,101.07,0.214,12,100,0.78,True
PROD0260,Electronics,GlobalTech USA,1,353.26,98.4,73.17,0.207,7,10,0.83,True
PROD0261,Electronics,TechSource Asia,1,451.87,130.83,102.25,0.226,7,50,0.94,True
PROD0262,Clothing,FabricWorld CN,1,94.96,27.18,26.26,0.277,34,25,0.88,True
PROD0262,Clothing,EuroFashion IT,2,109.06,41.58,24.74,0.227,16,25,0.94,False
PROD0263,Sports & Outdoors,OutdoorPro CA,1,214.02,127.46,45.36,0.212,6,50,0.77,True
PROD0263,Sports & Outdoors,SportSupply US,2,229.23,125.17,45.57,0.199,8,100,0.79,False
PROD0264,Clothing,EuroFashion IT,1,103.25,93.24,27.69,0.268,9,25,0.94,True
PROD0265,Home & Kitchen,HomeGoods DE,1,143.5,83.42,22.23,0.155,11,200,0.84,True
PROD0265,Home & Kitchen,KitchenPro PL,2,160.94,56.65,27.65,0.172,10,50,0.89,False
PROD0266,Home & Kitchen,KitchenPro PL,1,143.36,25.84,22.59,0.158,17,200,0.96,True
PROD0266,Home & Kitchen,DomesticSupply UK,2,155.85,45.37,27.95,0.179,13,25,0.87,False
PROD0267,Electronics,ElectroPrime EU,1,594.35,72.88,112.74,0.19,8,25,0.87,True
PROD0267,Electronics,TechSource Asia,2,677.76,135.68,148.48,0.219,10,50,0.89,False
PROD0267,Electronics,GlobalTech USA,3,711.99,103.82,130.86,0.184,9,200,0.93,False
PROD0268,Electronics,TechSource Asia,1,46.11,41.49,10.2,0.221,7,10,0.95,True
PROD0269,Beauty & Health,CosmeticsCo KR,1,35.56,94.26,9.2,0.259,28,25,0.98,True
PROD0270,Home & Kitchen,KitchenPro PL,1,75.88,123.47,12.18,0.161,13,10,0.81,True
PROD0270,Home & Kitchen,DomesticSupply UK,2,83.62,87.85,15.5,0.185,8,10,0.96,False
PROD0270,Home & Kitchen,HomeGoods DE,3,95.5,101.55,18.62,0.195,10,25,0.88,False
PROD0271,Clothing,FabricWorld CN,1,32.05,25.21,7.61,0.237,22,200,0.94,True
PROD0272,Sports & Outdoors,SportSupply US,1,23.94,111.32,5.43,0.227,8,25,0.89,True
PROD0272,Sports & Outdoors,OutdoorPro CA,2,27.53,120.03,5.89,0.214,4,10,0.76,False
PROD0273,Electronics,ElectroPrime EU,1,759.86,99.97,170.69,0.225,14,100,0.78,True
PROD0274,Beauty & Health,CosmeticsCo KR,1,60.15,140.69,18.63,0.31,26,10,0.86,True
PROD0274,Beauty & Health,BeautyLab FR,2,64.59,26.45,18.96,0.293,18,200,0.8,False
PROD0275,Books,BookSupply DE,1,9.5,70.97,1.28,0.135,15,50,0.8,True
PROD0275,Books,PaperSource NL,2,10.5,131.34,1.47,0.14,12,25,0.77,False
PROD0275,Books,PrintMedia UK,3,10.49,127.49,1.27,0.121,13,25,0.85,False
PROD0276,Electronics,ElectroPrime EU,1,592.88,25.39,123.45,0.208,15,50,0.91,True
PROD0277,Electronics,TechSource Asia,1,227.53,135.03,48.77,0.214,14,200,0.83,True
PROD0277,Electronics,GlobalTech USA,2,249.27,108.15,50.5,0.203,6,50,0.99,False
PROD0278,Electronics,TechSource Asia,1,145.48,77.56,27.01,0.186,6,200,0.88,True
PROD0278,Electronics,ElectroPrime EU,2,167.08,142.07,32.94,0.197,10,10,0.77,False
PROD0279,Clothing,FabricWorld CN,1,93.69,78.34,25.75,0.275,17,25,0.86,True
PROD0280,Clothing,FabricWorld CN,1,128.62,95.13,35.28,0.274,19,10,0.98,True
PROD0280,Clothing,EuroFashion IT,2,145.14,80.11,39.46,0.272,16,25,0.85,False
PROD0281,Electronics,TechSource Asia,1,655.88,109.84,122.19,0.186,13,50,0.98,True
PROD0281,Electronics,ElectroPrime EU,2,728.28,132.21,159.75,0.219,9,50,0.88,False
PROD0281,Electronics,GlobalTech USA,3,759.24,84.07,142.73,0.188,6,50,0.9,False
PROD0282,Clothing,EuroFashion IT,1,114.43,25.88,26.67,0.233,11,50,0.97,True
PROD0282,Clothing,FabricWorld CN,2,129.55,93.66,33.61,0.259,17,25,0.88,False
PROD0283,Home & Kitchen,KitchenPro PL,1,96.13,33.58,17.75,0.185,11,25,0.77,True
PROD0283,Home & Kitchen,HomeGoods DE,2,106.56,49.42,21.71,0.204,6,50,0.76,False
PROD0283,Home & Kitchen,DomesticSupply UK,3,118.41,89.2,18.5,0.156,14,100,0.93,False
PROD0284,Electronics,GlobalTech USA,1,477.28,123.16,82.05,0.172,7,25,0.78,True
PROD0284,Electronics,ElectroPrime EU,2,506.67,23.54,102.05,0.201,10,25,0.9,False
PROD0285,Clothing,FabricWorld CN,1,114.25,127.06,30.76,0.269,20,100,0.94,True
PROD0286,Home & Kitchen,KitchenPro PL,1,81.46,40.28,16.3,0.2,18,200,0.89,True
PROD0287,Sports & Outdoors,SportSupply US,1,70.51,70.0,15.34,0.218,7,25,0.75,True
PROD0288,Toys & Games,GameSource JP,1,68.02,98.22,18.11,0.266,40,25,0.79,True
PROD0288,Toys & Games,ToyFactory CN,2,75.89,146.25,18.5,0.244,28,100,0.8,False
PROD0289,Home & Kitchen,KitchenPro PL,1,140.01,25.73,26.83,0.192,7,25,0.88,True
PROD0290,Electronics,ElectroPrime EU,1,657.86,53.19,116.02,0.176,8,25,0.91,True
PROD0290,Electronics,GlobalTech USA,2,734.05,29.11,142.2,0.194,6,50,0.76,False
PROD0291,Home & Kitchen,DomesticSupply UK,1,136.09,134.31,24.96,0.183,10,25,0.98,True
PROD0291,Home & Kitchen,KitchenPro PL,2,146.46,60.7,29.32,0.2,11,200,0.97,False
PROD0291,Home & Kitchen,HomeGoods DE,3,166.99,101.88,29.09,0.174,14,25,0.76,False
PROD0292,Toys & Games,ToyFactory CN,1,21.8,136.17,5.44,0.249,44,50,0.95,True
PROD0292,Toys & Games,PlaySupply US,2,23.83,69.28,6.31,0.265,4,25,0.88,False
PROD0292,Toys & Games,GameSource JP,3,25.18,137.21,5.61,0.223,38,10,0.82,False
PROD0293,Beauty & Health,CosmeticsCo KR,1,37.16,71.37,10.91,0.294,19,100,0.95,True
PROD0294,Sports & Outdoors,OutdoorPro CA,1,105.83,100.51,22.99,0.217,5,200,0.8,True
PROD0294,Sports & Outdoors,SportSupply US,2,115.99,76.03,24.16,0.208,11,10,0.9,False
PROD0295,Sports & Outdoors,ActiveGear TW,1,193.78,74.24,38.68,0.2,27,50,0.86,True
PROD0296,Sports & Outdoors,OutdoorPro CA,1,222.86,64.27,53.11,0.238,11,50,0.89,True
PROD0296,Sports & Outdoors,ActiveGear TW,2,237.64,50.4,45.49,0.191,35,200,0.82,False
PROD0296,Sports & Outdoors,SportSupply US,3,256.94,56.39,53.1,0.207,11,25,0.76,False
PROD0297,Electronics,ElectroPrime EU,1,519.67,23.72,106.53,0.205,10,100,0.83,True
PROD0298,Home & Kitchen,HomeGoods DE,1,69.44,93.61,10.44,0.15,14,25,0.92,True
PROD0299,Books,BookSupply DE,1,32.07,91.48,2.98,0.093,16,25,0.79,True
PROD0300,Electronics,GlobalTech USA,1,231.28,31.39,40.57,0.175,6,25,0.83,True
PROD0301,Beauty & Health,CosmeticsCo KR,1,67.59,117.82,17.11,0.253,42,100,0.92,True
PROD0301,Beauty & Health,BeautyLab FR,2,74.24,110.19,21.02,0.283,17,50,0.94,False
PROD0301,Beauty & Health,HealthSource SE,3,84.62,40.01,21.91,0.259,10,25,0.85,False
PROD0302,Electronics,GlobalTech USA,1,651.02,96.03,123.86,0.19,4,10,0.9,True
PROD0303,Electronics,TechSource Asia,1,545.55,58.65,100.27,0.184,7,50,0.96,True
PROD0304,Electronics,GlobalTech USA,1,306.44,71.61,54.97,0.179,7,10,0.76,True
PROD0304,Electronics,ElectroPrime EU,2,352.09,23.9,69.25,0.197,19,200,0.98,False
PROD0304,Electronics,TechSource Asia,3,385.74,105.72,78.95,0.205,17,50,0.99,False
PROD0305,Clothing,FabricWorld CN,1,58.17,100.44,15.12,0.26,30,50,0.76,True
PROD0305,Clothing,StyleSupply TR,2,63.58,56.26,14.48,0.228,9,100,0.75,False
PROD0305,Clothing,EuroFashion IT,3,73.51,25.22,20.1,0.273,16,10,0.91,False
PROD0306,Home & Kitchen,HomeGoods DE,1,115.04,86.51,17.68,0.154,15,200,0.91,True
PROD0306,Home & Kitchen,KitchenPro PL,2,130.53,62.16,24.88,0.191,5,200,0.93,False
PROD0306,Home & Kitchen,DomesticSupply UK,3,126.67,20.18,21.87,0.173,16,100,0.8,False
PROD0307,Electronics,ElectroPrime EU,1,802.24,104.79,148.47,0.185,10,10,0.9,True
PROD0307,Electronics,GlobalTech USA,2,910.5,25.85,194.89,0.214,4,10,0.89,False
PROD0308,Sports & Outdoors,OutdoorPro CA,1,208.68,100.96,49.75,0.238,6,25,0.94,True
PROD0308,Sports & Outdoors,SportSupply US,2,233.15,114.15,51.19,0.22,4,50,0.98,False
PROD0309,Clothing,EuroFashion IT,1,103.96,23.21,25.13,0.242,18,10,0.89,True
PROD0310,Home & Kitchen,HomeGoods DE,1,91.14,130.71,19.09,0.209,10,50,0.92,True
PROD0310,Home & Kitchen,DomesticSupply UK,2,103.9,122.98,19.8,0.191,8,50,0.89,False
PROD0311,Home & Kitchen,KitchenPro PL,1,135.96,140.16,23.05,0.17,7,50,0.75,True
PROD0312,Beauty & Health,HealthSource SE,1,27.19,36.56,7.0,0.258,19,10,0.95,True
PROD0312,Beauty & Health,CosmeticsCo KR,2,31.05,104.47,7.96,0.256,34,50,0.82,False
PROD0312,Beauty & Health,BeautyLab FR,3,31.53,135.86,7.91,0.251,7,25,0.81,False
PROD0313,Beauty & Health,BeautyLab FR,1,64.72,144.49,18.38,0.284,13,50,0.94,True
PROD0314,Clothing,EuroFashion IT,1,111.49,49.34,27.14,0.243,5,25,0.77,True
PROD0314,Clothing,FabricWorld CN,2,119.04,148.35,29.36,0.247,43,10,0.77,False
PROD0315,Home & Kitchen,KitchenPro PL,1,9.74,81.94,1.65,0.169,6,50,0.91,True
PROD0315,Home & Kitchen,HomeGoods DE,2,10.53,37.32,1.98,0.188,7,50,0.78,False
PROD0315,Home & Kitchen,DomesticSupply UK,3,11.83,53.38,2.35,0.198,7,25,0.93,False
PROD0316,Toys & Games,PlaySupply US,1,18.34,56.99,4.34,0.237,7,100,0.81,True
PROD0316,Toys & Games,GameSource JP,2,19.67,91.64,4.75,0.241,33,25,0.89,False
PROD0317,Clothing,FabricWorld CN,1,104.93,96.13,26.51,0.253,28,10,0.82,True
PROD0317,Clothing,StyleSupply TR,2,119.96,88.02,28.35,0.236,10,25,0.82,False
PROD0318,Electronics,ElectroPrime EU,1,862.25,95.81,184.36,0.214,12,10,0.97,True
PROD0318,Electronics,GlobalTech USA,2,991.29,111.06,214.34,0.216,5,200,0.76,False
PROD0319,Sports & Outdoors,SportSupply US,1,221.9,111.27,46.57,0.21,8,50,0.97,True
PROD0319,Sports & Outdoors,OutdoorPro CA,2,248.0,59.94,52.63,0.212,11,25,0.78,False
PROD0320,Home & Kitchen,KitchenPro PL,1,160.32,28.06,27.31,0.17,8,10,0.76,True
PROD0320,Home & Kitchen,HomeGoods DE,2,176.34,33.82,27.66,0.157,8,25,0.78,False
PROD0321,Toys & Games,ToyFactory CN,1,27.91,105.76,6.6,0.237,34,25,0.86,True
PROD0321,Toys & Games,PlaySupply US,2,30.46,114.96,6.64,0.218,3,10,0.86,False
PROD0321,Toys & Games,GameSource JP,3,34.06,95.63,7.97,0.234,34,25,0.79,False
PROD0322,Home & Kitchen,DomesticSupply UK,1,174.49,27.61,31.96,0.183,18,25,0.77,True
PROD0322,Home & Kitchen,KitchenPro PL,2,185.25,53.05,31.07,0.168,8,10,0.89,False
PROD0323,Home & Kitchen,HomeGoods DE,1,150.56,38.65,23.95,0.159,15,25,0.9,True
PROD0323,Home & Kitchen,DomesticSupply UK,2,165.97,61.49,29.58,0.178,13,100,0.77,False
PROD0323,Home & Kitchen,KitchenPro PL,3,179.97,101.91,35.94,0.2,6,25,0.8,False
PROD0324,Beauty & Health,BeautyLab FR,1,47.79,62.34,13.08,0.274,16,10,0.85,True
PROD0324,Beauty & Health,HealthSource SE,2,52.65,95.48,16.12,0.306,13,100,0.79,False
PROD0325,Clothing,EuroFashion IT,1,66.58,133.6,14.7,0.221,17,25,0.78,True
PROD0325,Clothing,FabricWorld CN,2,72.84,103.71,17.69,0.243,36,10,0.8,False
PROD0325,Clothing,StyleSupply TR,3,79.35,117.78,21.77,0.274,16,10,0.95,False
PROD0326,Home & Kitchen,HomeGoods DE,1,114.04,123.97,20.9,0.183,16,200,0.86,True
PROD0326,Home & Kitchen,DomesticSupply UK,2,124.82,21.89,20.58,0.165,19,50,0.9,False
PROD0326,Home & Kitchen,KitchenPro PL,3,130.47,101.33,24.05,0.184,17,100,0.95,False
PROD0327,Beauty & Health,CosmeticsCo KR,1,74.39,90.59,20.27,0.272,21,25,0.79,True
PROD0327,Beauty & Health,HealthSource SE,2,79.48,46.3,21.71,0.273,10,25,0.96,False
PROD0327,Beauty & Health,BeautyLab FR,3,96.0,134.86,25.56,0.266,14,10,0.87,False
PROD0328,Home & Kitchen,DomesticSupply UK,1,87.5,93.58,17.73,0.203,16,25,0.78,True
PROD0329,Clothing,FabricWorld CN,1,44.69,137.36,11.24,0.251,26,10,0.98,True
PROD0329,Clothing,StyleSupply TR,2,50.69,58.56,11.39,0.225,16,200,0.94,False
PROD0329,Clothing,EuroFashion IT,3,55.92,108.47,12.86,0.23,11,200,0.91,False
PROD0330,Home & Kitchen,HomeGoods DE,1,13.09,92.12,2.02,0.155,16,10,0.76,True
PROD0330,Home & Kitchen,DomesticSupply UK,2,14.18,119.58,2.48,0.175,8,50,0.76,False
PROD0330,Home & Kitchen,KitchenPro PL,3,16.99,25.39,3.54,0.208,10,50,0.83,False
PROD0331,Clothing,StyleSupply TR,1,55.49,43.27,14.86,0.268,6,50,0.78,True
PROD0331,Clothing,EuroFashion IT,2,60.11,121.61,14.8,0.246,19,25,0.94,False
PROD0332,Toys & Games,GameSource JP,1,46.98,127.98,10.5,0.223,23,50,0.93,True
PROD0332,Toys & Games,PlaySupply US,2,52.21,22.17,11.57,0.222,9,25,0.93,False
PROD0332,Toys & Games,ToyFactory CN,3,55.17,87.84,11.81,0.214,44,10,0.92,False
PROD0333,Electronics,TechSource Asia,1,849.38,72.36,170.88,0.201,10,10,0.9,True
PROD0334,Sports & Outdoors,OutdoorPro CA,1,143.62,114.92,32.22,0.224,10,10,0.85,True
PROD0334,Sports & Outdoors,SportSupply US,2,155.89,59.37,36.46,0.234,9,50,0.98,False
PROD0334,Sports & Outdoors,ActiveGear TW,3,168.03,51.69,38.54,0.229,21,50,0.89,False
PROD0335,Electronics,ElectroPrime EU,1,89.73,66.13,19.45,0.217,8,50,0.83,True
PROD0336,Books,BookSupply DE,1,34.25,86.71,3.35,0.098,5,10,0.81,True
PROD0336,Books,PaperSource NL,2,37.4,97.91,4.52,0.121,13,25,0.85,False
PROD0336,Books,PrintMedia UK,3,43.89,51.54,4.19,0.095,15,50,0.98,False
PROD0337,Clothing,StyleSupply TR,1,103.89,101.34,26.29,0.253,17,10,0.81,True
PROD0338,Beauty & Health,HealthSource SE,1,55.72,35.82,15.9,0.285,6,50,0.94,True
PROD0338,Beauty & Health,CosmeticsCo KR,2,61.91,58.45,16.43,0.265,24,10,0.81,False
PROD0339,Home & Kitchen,HomeGoods DE,1,185.27,92.17,34.33,0.185,14,10,0.95,True
PROD0340,Beauty & Health,BeautyLab FR,1,48.75,112.94,13.88,0.285,12,25,0.94,True
PROD0341,Books,PrintMedia UK,1,5.24,123.83,0.76,0.146,19,10,0.96,True
PROD0342,Clothing,FabricWorld CN,1,105.41,126.09,23.31,0.221,27,50,0.82,True
PROD0342,Clothing,StyleSupply TR,2,119.95,26.4,28.05,0.234,13,10,0.75,False
PROD0343,Clothing,EuroFashion IT,1,105.08,74.11,25.37,0.241,16,100,0.93,True
PROD0343,Clothing,FabricWorld CN,2,113.62,73.39,26.43,0.233,22,100,0.77,False
PROD0343,Clothing,StyleSupply TR,3,123.7,68.61,33.79,0.273,19,50,0.98,False
PROD0344,Electronics,ElectroPrime EU,1,810.11,114.81,165.67,0.205,14,50,0.84,True
PROD0344,Electronics,GlobalTech USA,2,862.54,46.86,162.84,0.189,7,25,0.85,False
PROD0345,Electronics,TechSource Asia,1,178.29,138.2,34.27,0.192,13,25,0.93,True
PROD0346,Electronics,TechSource Asia,1,174.39,23.32,37.89,0.217,19,25,0.94,True
PROD0347,Clothing,FabricWorld CN,1,119.8,140.41,32.62,0.272,24,100,0.79,True
PROD0348,Home & Kitchen,HomeGoods DE,1,234.59,63.11,42.23,0.18,12,25,0.81,True
PROD0348,Home & Kitchen,KitchenPro PL,2,253.5,28.28,40.72,0.161,17,10,0.98,False
PROD0349,Toys & Games,ToyFactory CN,1,63.34,133.26,14.4,0.227,36,100,0.78,True
PROD0349,Toys & Games,PlaySupply US,2,70.97,116.46,17.79,0.251,6,50,0.9,False
PROD0350,Sports & Outdoors,SportSupply US,1,253.54,48.3,49.51,0.195,9,10,0.95,True
PROD0350,Sports & Outdoors,ActiveGear TW,2,280.13,44.6,65.33,0.233,23,25,0.86,False
PROD0351,Electronics,TechSource Asia,1,65.75,72.29,13.03,0.198,17,200,0.78,True
PROD0351,Electronics,ElectroPrime EU,2,71.04,38.1,14.69,0.207,10,100,0.76,False
PROD0351,Electronics,GlobalTech USA,3,84.97,108.29,17.66,0.208,10,50,0.9,False
PROD0352,Books,PrintMedia UK,1,12.96,95.74,1.94,0.15,8,50,0.98,True
PROD0352,Books,PaperSource NL,2,14.09,66.44,1.56,0.111,6,10,0.86,False
PROD0352,Books,BookSupply DE,3,14.34,35.85,1.65,0.115,18,200,0.81,False
PROD0353,Home & Kitchen,DomesticSupply UK,1,121.33,73.97,21.27,0.175,9,100,0.96,True
PROD0354,Books,BookSupply DE,1,25.7,53.36,3.47,0.135,9,50,0.93,True
PROD0354,Books,PaperSource NL,2,27.79,129.93,2.93,0.106,7,10,0.8,False
PROD0354,Books,PrintMedia UK,3,30.42,48.55,2.74,0.09,8,50,0.82,False
PROD0355,Books,PaperSource NL,1,28.39,133.91,3.79,0.133,19,25,0.78,True
PROD0355,Books,BookSupply DE,2,31.26,65.35,3.52,0.112,5,50,0.78,False
PROD0355,Books,PrintMedia UK,3,31.43,149.26,3.27,0.104,11,100,0.82,False
PROD0356,Electronics,TechSource Asia,1,341.48,77.74,71.89,0.211,14,100,0.94,True
PROD0356,Electronics,GlobalTech USA,2,381.49,24.12,77.1,0.202,6,200,0.87,False
PROD0357,Beauty & Health,BeautyLab FR,1,37.64,135.25,10.31,0.274,6,10,0.92,True
PROD0357,Beauty & Health,CosmeticsCo KR,2,40.82,20.91,11.19,0.274,33,10,0.75,False
PROD0357,Beauty & Health,HealthSource SE,3,48.21,28.92,14.92,0.31,10,25,0.81,False
PROD0358,Home & Kitchen,HomeGoods DE,1,83.99,57.88,14.7,0.175,18,25,0.98,True
PROD0359,Sports & Outdoors,SportSupply US,1,34.66,129.2,7.29,0.21,4,25,0.82,True
PROD0359,Sports & Outdoors,ActiveGear TW,2,37.5,41.36,8.89,0.237,36,50,0.82,False
PROD0359,Sports & Outdoors,OutdoorPro CA,3,40.39,22.7,9.52,0.236,3,100,0.88,False
PROD0360,Clothing,StyleSupply TR,1,82.83,131.75,19.06,0.23,17,25,0.8,True
PROD0361,Electronics,TechSource Asia,1,696.79,126.55,155.59,0.223,16,50,0.87,True
PROD0362,Books,PaperSource NL,1,15.94,77.91,2.0,0.126,6,10,0.82,True
PROD0362,Books,BookSupply DE,2,17.54,123.54,2.36,0.134,8,50,0.78,False
PROD0362,Books,PrintMedia UK,3,18.81,123.11,1.94,0.103,5,10,0.82,False
PROD0363,Toys & Games,ToyFactory CN,1,65.22,110.95,17.03,0.261,41,200,0.78,True
PROD0363,Toys & Games,PlaySupply US,2,73.46,34.13,19.75,0.269,9,25,0.86,False
PROD0363,Toys & Games,GameSource JP,3,81.76,101.71,20.28,0.248,15,200,0.97,False
PROD0364,Home & Kitchen,HomeGoods DE,1,50.19,126.64,9.22,0.184,8,50,0.84,True
PROD0364,Home & Kitchen,KitchenPro PL,2,53.44,97.54,10.63,0.199,18,25,0.85,False
PROD0364,Home & Kitchen,DomesticSupply UK,3,64.92,105.51,11.94,0.184,16,50,0.92,False
PROD0365,Electronics,TechSource Asia,1,512.92,80.98,111.85,0.218,6,25,0.87,True
PROD0365,Electronics,ElectroPrime EU,2,559.76,45.91,109.01,0.195,19,50,0.95,False
PROD0366,Books,BookSupply DE,1,13.55,30.48,1.34,0.099,12,50,0.81,True
PROD0366,Books,PrintMedia UK,2,15.38,71.65,1.61,0.105,12,25,0.97,False
PROD0366,Books,PaperSource NL,3,15.34,145.56,1.57,0.102,15,25,0.86,False
PROD0367,Clothing,EuroFashion IT,1,50.37,114.75,11.99,0.238,17,25,0.84,True
PROD0368,Clothing,FabricWorld CN,1,113.53,115.93,29.05,0.256,25,10,0.83,True
PROD0368,Clothing,StyleSupply TR,2,124.87,48.16,34.01,0.272,14,200,0.85,False
PROD0368,Clothing,EuroFashion IT,3,132.65,145.0,32.72,0.247,9,10,0.97,False
PROD0369,Beauty & Health,CosmeticsCo KR,1,30.38,64.44,8.39,0.276,37,100,0.99,True
PROD0369,Beauty & Health,HealthSource SE,2,34.3,98.18,9.27,0.27,8,100,0.95,False
PROD0370,Sports & Outdoors,SportSupply US,1,228.43,107.59,49.57,0.217,9,25,0.9,True
PROD0370,Sports & Outdoors,OutdoorPro CA,2,244.11,117.42,54.37,0.223,9,25,0.76,False
PROD0371,Home & Kitchen,HomeGoods DE,1,113.48,71.45,21.2,0.187,16,25,0.97,True
PROD0371,Home & Kitchen,KitchenPro PL,2,125.11,111.95,20.66,0.165,6,50,0.87,False
PROD0372,Clothing,FabricWorld CN,1,36.18,51.51,9.4,0.26,44,10,0.93,True
PROD0372,Clothing,EuroFashion IT,2,41.09,142.03,10.25,0.25,12,100,0.98,False
PROD0373,Clothing,FabricWorld CN,1,29.29,28.9,8.02,0.274,36,10,0.95,True
PROD0373,Clothing,EuroFashion IT,2,32.55,62.36,7.54,0.232,7,25,0.96,False
PROD0374,Clothing,StyleSupply TR,1,126.23,55.64,34.04,0.27,9,50,0.88,True
PROD0375,Home & Kitchen,DomesticSupply UK,1,103.37,25.39,17.5,0.169,15,50,0.97,True
PROD0375,Home & Kitchen,KitchenPro PL,2,116.17,59.81,19.27,0.166,14,200,0.88,False
PROD0376,Electronics,GlobalTech USA,1,152.14,35.77,28.63,0.188,5,25,0.76,True
PROD0377,Clothing,FabricWorld CN,1,113.25,136.79,28.87,0.255,33,200,0.93,True
PROD0378,Home & Kitchen,KitchenPro PL,1,58.06,23.22,9.58,0.165,6,50,0.83,True
PROD0378,Home & Kitchen,DomesticSupply UK,2,63.98,45.68,12.69,0.198,12,100,0.84,False
PROD0379,Books,PrintMedia UK,1,6.73,92.56,0.75,0.111,11,100,0.84,True
PROD0379,Books,PaperSource NL,2,7.26,114.21,1.02,0.14,17,25,0.83,False
PROD0380,Sports & Outdoors,ActiveGear TW,1,58.04,116.29,12.72,0.219,24,50,0.83,True
PROD0380,Sports & Outdoors,OutdoorPro CA,2,61.98,56.58,13.48,0.217,3,25,0.77,False
PROD0380,Sports & Outdoors,SportSupply US,3,65.08,128.87,13.3,0.204,11,100,0.76,False
PROD0381,Electronics,ElectroPrime EU,1,199.67,26.86,43.94,0.22,17,50,0.88,True
PROD0381,Electronics,TechSource Asia,2,228.5,52.62,40.22,0.176,9,10,0.86,False
PROD0382,Clothing,FabricWorld CN,1,9.09,61.02,2.06,0.226,26,25,0.85,True
PROD0382,Clothing,EuroFashion IT,2,10.45,132.91,2.65,0.254,5,50,0.92,False
PROD0383,Clothing,FabricWorld CN,1,74.63,82.66,19.81,0.265,36,10,0.77,True
PROD0384,Home & Kitchen,DomesticSupply UK,1,205.22,91.15,32.81,0.16,10,25,0.83,True
PROD0384,Home & Kitchen,KitchenPro PL,2,232.97,92.7,42.14,0.181,16,200,0.93,False
PROD0385,Home & Kitchen,DomesticSupply UK,1,81.73,21.37,14.19,0.174,14,50,0.78,True
PROD0385,Home & Kitchen,KitchenPro PL,2,90.57,119.63,15.79,0.174,9,50,0.8,False
PROD0386,Electronics,ElectroPrime EU,1,69.62,129.85,13.83,0.199,11,100,0.91,True
PROD0386,Electronics,GlobalTech USA,2,75.2,43.93,16.2,0.215,3,25,0.92,False
PROD0386,Electronics,TechSource Asia,3,89.73,149.42,17.68,0.197,17,10,0.99,False
PROD0387,Sports & Outdoors,SportSupply US,1,27.53,119.98,5.93,0.216,7,25,0.75,True
PROD0388,Books,PaperSource NL,1,19.38,72.39,2.48,0.128,16,100,0.78,True
PROD0388,Books,BookSupply DE,2,22.16,117.69,3.25,0.146,14,25,0.98,False
PROD0389,Beauty & Health,HealthSource SE,1,29.98,119.49,9.17,0.306,14,10,0.81,True
PROD0390,Electronics,ElectroPrime EU,1,596.18,46.45,135.5,0.227,19,50,0.92,True
PROD0390,Electronics,GlobalTech USA,2,684.21,69.04,149.23,0.218,5,50,0.95,False
PROD0391,Home & Kitchen,DomesticSupply UK,1,161.34,55.62,29.94,0.186,17,50,0.86,True
PROD0391,Home & Kitchen,HomeGoods DE,2,181.38,49.68,27.84,0.154,9,25,0.84,False
PROD0391,Home & Kitchen,KitchenPro PL,3,198.89,35.37,41.22,0.207,12,50,0.96,False
PROD0392,Books,PaperSource NL,1,9.98,74.51,1.32,0.132,13,50,0.81,True
PROD0393,Electronics,TechSource Asia,1,462.78,67.87,105.86,0.229,7,50,0.96,True
PROD0393,Electronics,ElectroPrime EU,2,507.53,66.76,102.61,0.202,17,100,0.86,False
PROD0393,Electronics,GlobalTech USA,3,553.03,70.19,126.09,0.228,8,50,0.96,False
PROD0394,Toys & Games,GameSource JP,1,58.05,74.23,15.25,0.263,40,100,0.88,True
PROD0394,Toys & Games,PlaySupply US,2,61.27,146.34,14.75,0.241,3,25,0.96,False
PROD0394,Toys & Games,ToyFactory CN,3,67.39,45.05,14.67,0.218,18,50,0.98,False
PROD0395,Sports & Outdoors,OutdoorPro CA,1,128.95,68.86,30.85,0.239,9,200,0.87,True
PROD0396,Clothing,EuroFashion IT,1,15.77,112.26,4.4,0.279,7,50,0.78,True
PROD0397,Books,PaperSource NL,1,31.32,30.3,2.91,0.093,14,10,0.86,True
PROD0397,Books,PrintMedia UK,2,34.78,75.69,3.19,0.092,8,50,0.78,False
PROD0397,Books,BookSupply DE,3,38.27,93.9,5.26,0.138,8,25,0.84,False
PROD0398,Electronics,ElectroPrime EU,1,828.39,99.96,186.9,0.226,12,200,0.76,True
PROD0398,Electronics,GlobalTech USA,2,915.15,135.76,170.0,0.186,7,50,0.82,False
PROD0398,Electronics,TechSource Asia,3,957.45,72.65,220.14,0.23,7,100,0.84,False
PROD0399,Beauty & Health,HealthSource SE,1,76.02,28.31,19.34,0.254,16,10,0.82,True
PROD0399,Beauty & Health,CosmeticsCo KR,2,87.17,142.81,23.54,0.27,27,25,0.94,False
PROD0400,Electronics,ElectroPrime EU,1,275.3,94.12,56.88,0.207,15,50,0.75,True
PROD0400,Electronics,TechSource Asia,2,296.16,78.49,62.66,0.212,5,25,0.96,False
PROD0401,Beauty & Health,HealthSource SE,1,17.81,32.61,4.51,0.253,13,100,0.87,True
PROD0401,Beauty & Health,BeautyLab FR,2,19.77,49.54,5.59,0.283,18,25,0.77,False
PROD0401,Beauty & Health,CosmeticsCo KR,3,21.97,37.33,6.62,0.301,25,10,0.84,False
PROD0402,Beauty & Health,HealthSource SE,1,7.5,63.66,2.11,0.281,15,25,0.94,True
PROD0402,Beauty & Health,CosmeticsCo KR,2,8.05,49.17,2.26,0.28,29,10,0.79,False
PROD0403,Home & Kitchen,HomeGoods DE,1,16.49,30.35,3.17,0.192,15,10,0.89,True
PROD0404,Books,PaperSource NL,1,7.12,68.37,0.68,0.096,10,25,0.89,True
PROD0404,Books,PrintMedia UK,2,7.99,36.17,1.01,0.126,6,25,0.83,False
PROD0404,Books,BookSupply DE,3,9.11,145.66,1.06,0.117,16,10,0.79,False
PROD0405,Clothing,EuroFashion IT,1,81.15,126.83,18.53,0.228,11,25,0.87,True
PROD0406,Clothing,FabricWorld CN,1,9.53,146.74,2.33,0.245,24,50,0.9,True
PROD0406,Clothing,EuroFashion IT,2,10.76,72.66,2.37,0.22,7,50,0.77,False
PROD0407,Clothing,FabricWorld CN,1,120.38,116.15,28.01,0.233,26,50,0.95,True
PROD0407,Clothing,EuroFashion IT,2,131.42,60.26,36.31,0.276,10,200,0.77,False
PROD0408,Home & Kitchen,KitchenPro PL,1,20.6,134.1,3.2,0.155,12,25,0.8,True
PROD0409,Clothing,EuroFashion IT,1,114.12,67.67,27.78,0.243,8,100,0.85,True
PROD0409,Clothing,FabricWorld CN,2,124.9,59.43,32.85,0.263,17,25,0.87,False
PROD0410,Clothing,FabricWorld CN,1,66.91,103.78,15.45,0.231,31,10,0.92,True
PROD0410,Clothing,EuroFashion IT,2,70.32,73.19,16.86,0.24,15,100,0.86,False
PROD0410,Clothing,StyleSupply TR,3,75.44,132.09,20.29,0.269,16,50,0.92,False
PROD0411,Clothing,StyleSupply TR,1,79.37,99.26,21.82,0.275,5,25,0.85,True
PROD0411,Clothing,EuroFashion IT,2,87.86,20.27,20.7,0.236,14,50,0.96,False
PROD0411,Clothing,FabricWorld CN,3,96.34,102.12,24.19,0.251,22,10,0.86,False
PROD0412,Beauty & Health,CosmeticsCo KR,1,76.82,104.82,19.45,0.253,30,25,0.78,True
PROD0413,Home & Kitchen,HomeGoods DE,1,9.46,33.81,1.86,0.197,6,100,0.9,True
PROD0413,Home & Kitchen,KitchenPro PL,2,10.35,25.04,1.86,0.18,5,50,0.86,False
PROD0413,Home & Kitchen,DomesticSupply UK,3,11.41,24.47,2.15,0.188,9,100,0.87,False
PROD0414,Sports & Outdoors,ActiveGear TW,1,274.26,149.88,55.74,0.203,30,10,0.78,True
PROD0415,Beauty & Health,CosmeticsCo KR,1,74.13,33.87,21.42,0.289,35,10,0.93,True
PROD0415,Beauty & Health,BeautyLab FR,2,82.6,61.05,23.73,0.287,14,25,0.78,False
PROD0415,Beauty & Health,HealthSource SE,3,85.4,70.06,26.18,0.307,6,200,0.86,False
PROD0416,Clothing,StyleSupply TR,1,64.63,131.57,14.88,0.23,11,200,0.81,True
PROD0416,Clothing,FabricWorld CN,2,69.67,140.99,15.43,0.221,40,10,0.8,False
PROD0417,Sports & Outdoors,ActiveGear TW,1,18.18,31.93,4.2,0.231,41,50,0.78,True
PROD0417,Sports & Outdoors,OutdoorPro CA,2,20.27,147.72,4.96,0.245,8,50,0.8,False
PROD0418,Books,PrintMedia UK,1,9.74,127.25,1.38,0.141,6,25,0.97,True
PROD0419,Home & Kitchen,DomesticSupply UK,1,141.76,146.43,24.33,0.172,14,50,0.95,True
PROD0419,Home & Kitchen,HomeGoods DE,2,159.47,110.94,26.86,0.168,14,25,0.78,False
PROD0420,Electronics,GlobalTech USA,1,729.28,133.06,162.96,0.223,10,200,0.87,True
PROD0420,Electronics,ElectroPrime EU,2,829.14,115.79,165.88,0.2,18,25,0.95,False
PROD0421,Home & Kitchen,KitchenPro PL,1,194.03,63.41,32.06,0.165,10,100,0.93,True
PROD0421,Home & Kitchen,DomesticSupply UK,2,204.68,129.68,36.08,0.176,13,50,0.89,False
PROD0421,Home & Kitchen,HomeGoods DE,3,239.97,117.91,46.47,0.194,8,10,0.79,False
PROD0422,Electronics,ElectroPrime EU,1,627.25,22.27,108.48,0.173,10,25,0.99,True
PROD0423,Sports & Outdoors,SportSupply US,1,211.03,145.65,45.68,0.216,3,50,0.89,True
PROD0423,Sports & Outdoors,OutdoorPro CA,2,237.23,107.78,48.0,0.202,6,25,0.92,False
PROD0424,Toys & Games,PlaySupply US,1,68.84,30.06,16.57,0.241,11,10,0.95,True
PROD0424,Toys & Games,GameSource JP,2,76.27,100.38,19.59,0.257,40,50,0.94,False
PROD0425,Home & Kitchen,HomeGoods DE,1,52.6,103.26,8.88,0.169,5,10,0.98,True
PROD0425,Home & Kitchen,KitchenPro PL,2,56.33,122.56,11.07,0.196,12,25,0.87,False
PROD0426,Clothing,EuroFashion IT,1,114.11,118.67,28.53,0.25,12,10,0.91,True
PROD0426,Clothing,StyleSupply TR,2,122.47,40.38,31.97,0.261,15,100,0.87,False
PROD0426,Clothing,FabricWorld CN,3,146.33,140.64,33.64,0.23,25,25,0.82,False
PROD0427,Home & Kitchen,KitchenPro PL,1,76.16,138.99,12.64,0.166,14,10,0.98,True
PROD0427,Home & Kitchen,HomeGoods DE,2,81.53,99.78,13.32,0.163,8,25,0.98,False
PROD0428,Electronics,GlobalTech USA,1,83.36,59.49,14.64,0.176,11,50,0.87,True
PROD0428,Electronics,ElectroPrime EU,2,91.81,33.94,17.94,0.195,12,50,0.8,False
PROD0429,Clothing,EuroFashion IT,1,54.55,105.26,13.76,0.252,9,25,0.76,True
PROD0430,Toys & Games,GameSource JP,1,44.76,76.03,10.77,0.241,33,100,0.99,True
PROD0431,Clothing,FabricWorld CN,1,88.75,148.13,23.18,0.261,29,100,0.82,True
PROD0432,Home & Kitchen,KitchenPro PL,1,41.14,78.29,7.38,0.179,18,25,0.82,True
PROD0433,Books,PrintMedia UK,1,27.59,42.72,3.93,0.142,13,50,0.86,True
PROD0433,Books,PaperSource NL,2,31.39,55.29,2.83,0.09,6,50,0.81,False
PROD0433,Books,BookSupply DE,3,34.32,23.66,3.86,0.113,6,25,0.77,False
PROD0434,Beauty & Health,BeautyLab FR,1,17.03,132.91,4.44,0.26,10,10,0.97,True
PROD0434,Beauty & Health,HealthSource SE,2,18.34,126.56,5.68,0.31,10,10,0.85,False
PROD0434,Beauty & Health,CosmeticsCo KR,3,21.05,50.78,5.37,0.255,16,100,0.78,False
PROD0435,Clothing,EuroFashion IT,1,120.84,58.93,27.31,0.226,16,100,0.8,True
PROD0435,Clothing,StyleSupply TR,2,130.03,32.03,31.72,0.244,7,50,0.85,False
PROD0435,Clothing,FabricWorld CN,3,136.95,148.2,36.87,0.269,23,10,0.78,False
PROD0436,Beauty & Health,BeautyLab FR,1,28.09,51.68,7.54,0.268,9,25,0.92,True
PROD0436,Beauty & Health,HealthSource SE,2,31.55,42.62,8.57,0.272,9,50,0.78,False
PROD0437,Clothing,StyleSupply TR,1,82.57,102.54,22.42,0.272,10,100,0.89,True
PROD0437,Clothing,FabricWorld CN,2,94.02,73.42,24.09,0.256,21,200,0.79,False
PROD0438,Toys & Games,ToyFactory CN,1,32.44,50.74,7.22,0.223,43,25,0.87,True
PROD0438,Toys & Games,GameSource JP,2,34.59,144.77,9.03,0.261,39,50,0.83,False
PROD0439,Clothing,StyleSupply TR,1,18.95,102.18,4.66,0.246,7,50,0.75,True
PROD0440,Electronics,ElectroPrime EU,1,141.4,115.19,26.01,0.184,11,25,0.79,True
PROD0440,Electronics,GlobalTech USA,2,153.44,77.22,26.72,0.174,3,25,0.81,False
PROD0441,Electronics,ElectroPrime EU,1,663.13,83.43,120.86,0.182,18,200,0.92,True
PROD0441,Electronics,GlobalTech USA,2,729.93,77.4,129.81,0.178,4,200,0.94,False
PROD0441,Electronics,TechSource Asia,3,789.27,113.43,161.94,0.205,12,50,0.77,False
PROD0442,Toys & Games,ToyFactory CN,1,62.82,80.22,15.03,0.239,26,50,0.88,True
PROD0443,Electronics,TechSource Asia,1,195.51,100.98,38.48,0.197,9,25,0.76,True
PROD0444,Home & Kitchen,KitchenPro PL,1,228.56,141.24,36.0,0.158,7,10,0.99,True
PROD0444,Home & Kitchen,DomesticSupply UK,2,255.22,57.1,47.25,0.185,7,25,0.82,False
PROD0445,Home & Kitchen,KitchenPro PL,1,80.92,82.35,16.86,0.208,16,50,0.96,True
PROD0445,Home & Kitchen,HomeGoods DE,2,85.6,63.02,14.12,0.165,12,25,0.93,False
PROD0445,Home & Kitchen,DomesticSupply UK,3,100.09,47.57,16.45,0.164,10,10,0.8,False
PROD0446,Clothing,EuroFashion IT,1,14.82,64.4,3.56,0.24,11,200,0.96,True
PROD0446,Clothing,FabricWorld CN,2,16.17,147.43,4.19,0.259,39,10,0.78,False
PROD0446,Clothing,StyleSupply TR,3,18.18,136.87,4.68,0.257,9,100,0.85,False
PROD0447,Clothing,EuroFashion IT,1,22.85,82.9,6.26,0.274,19,50,0.83,True
PROD0447,Clothing,FabricWorld CN,2,24.49,125.78,5.71,0.233,28,100,0.95,False
PROD0447,Clothing,StyleSupply TR,3,26.46,143.79,5.9,0.223,5,25,0.98,False
PROD0448,Home & Kitchen,DomesticSupply UK,1,10.31,89.74,1.86,0.18,13,10,0.89,True
PROD0449,Electronics,ElectroPrime EU,1,150.4,21.73,30.46,0.203,17,50,0.95,True
PROD0449,Electronics,TechSource Asia,2,167.96,36.33,36.27,0.216,14,25,0.79,False
PROD0449,Electronics,GlobalTech USA,3,184.94,42.41,41.12,0.222,11,10,0.9,False
PROD0450,Sports & Outdoors,ActiveGear TW,1,195.56,24.07,38.56,0.197,42,200,0.87,True
PROD0450,Sports & Outdoors,OutdoorPro CA,2,214.24,117.95,42.41,0.198,4,50,0.95,False
PROD0450,Sports & Outdoors,SportSupply US,3,225.31,58.6,42.82,0.19,11,10,0.77,False
PROD0451,Clothing,FabricWorld CN,1,49.54,113.6,11.2,0.226,27,200,0.97,True
PROD0452,Clothing,StyleSupply TR,1,49.31,61.61,13.11,0.266,6,10,0.96,True
PROD0452,Clothing,EuroFashion IT,2,54.7,36.52,13.44,0.246,14,50,0.93,False
PROD0453,Clothing,StyleSupply TR,1,110.64,141.7,27.75,0.251,5,25,0.88,True
PROD0454,Books,BookSupply DE,1,21.0,124.71,2.32,0.11,5,100,0.85,True
PROD0454,Books,PaperSource NL,2,22.75,83.95,2.83,0.124,15,200,0.9,False
PROD0455,Sports & Outdoors,OutdoorPro CA,1,247.87,120.51,48.68,0.196,3,10,0.83,True
PROD0455,Sports & Outdoors,SportSupply US,2,273.75,91.72,57.87,0.211,3,50,0.83,False
PROD0456,Electronics,GlobalTech USA,1,213.28,118.74,38.89,0.182,7,10,0.85,True
PROD0457,Home & Kitchen,KitchenPro PL,1,138.88,46.65,27.01,0.195,19,25,0.95,True
PROD0457,Home & Kitchen,DomesticSupply UK,2,155.31,43.86,30.95,0.199,19,25,0.97,False
PROD0457,Home & Kitchen,HomeGoods DE,3,156.29,43.21,28.07,0.18,14,10,0.98,False
PROD0458,Clothing,StyleSupply TR,1,57.59,90.83,13.6,0.236,14,25,0.86,True
PROD0458,Clothing,EuroFashion IT,2,60.69,114.72,15.27,0.252,18,10,0.75,False
PROD0458,Clothing,FabricWorld CN,3,74.86,124.3,20.0,0.267,18,50,0.78,False
PROD0459,Beauty & Health,HealthSource SE,1,34.32,134.42,8.98,0.262,16,10,0.77,True
PROD0459,Beauty & Health,BeautyLab FR,2,37.44,141.32,10.79,0.288,14,50,0.86,False
PROD0460,Toys & Games,PlaySupply US,1,20.09,41.86,4.84,0.241,8,25,0.99,True
PROD0460,Toys & Games,GameSource JP,2,21.45,107.44,4.73,0.22,21,10,0.79,False
PROD0460,Toys & Games,ToyFactory CN,3,22.23,116.64,5.63,0.253,33,50,0.87,False
PROD0461,Books,PaperSource NL,1,19.89,53.11,2.37,0.119,13,25,0.89,True
PROD0461,Books,PrintMedia UK,2,22.18,59.34,2.61,0.118,5,10,0.95,False
PROD0461,Books,BookSupply DE,3,23.92,88.51,2.96,0.124,8,50,0.83,False
PROD0462,Home & Kitchen,KitchenPro PL,1,7.52,34.32,1.3,0.173,18,100,0.94,True
PROD0462,Home & Kitchen,DomesticSupply UK,2,8.12,37.63,1.29,0.159,9,10,0.8,False
PROD0462,Home & Kitchen,HomeGoods DE,3,9.78,20.28,1.84,0.188,12,25,0.95,False
PROD0463,Sports & Outdoors,SportSupply US,1,233.62,87.82,48.07,0.206,6,200,0.81,True
PROD0464,Home & Kitchen,HomeGoods DE,1,205.12,84.55,32.29,0.157,12,25,0.97,True
PROD0464,Home & Kitchen,DomesticSupply UK,2,217.53,54.83,39.42,0.181,19,25,0.79,False
PROD0465,Electronics,TechSource Asia,1,619.29,67.67,109.21,0.176,18,10,0.98,True
PROD0465,Electronics,ElectroPrime EU,2,654.61,66.14,131.05,0.2,10,200,0.88,False
PROD0465,Electronics,GlobalTech USA,3,702.83,69.23,155.04,0.221,10,100,0.96,False
PROD0466,Sports & Outdoors,ActiveGear TW,1,200.34,116.27,47.16,0.235,32,10,0.8,True
PROD0466,Sports & Outdoors,OutdoorPro CA,2,210.57,31.89,47.04,0.223,9,10,0.83,False
PROD0466,Sports & Outdoors,SportSupply US,3,221.1,72.04,49.3,0.223,7,50,0.99,False
PROD0467,Home & Kitchen,HomeGoods DE,1,192.16,44.77,34.15,0.178,6,10,0.96,True
PROD0467,Home & Kitchen,KitchenPro PL,2,208.32,136.94,43.01,0.206,6,200,0.77,False
PROD0467,Home & Kitchen,DomesticSupply UK,3,232.49,96.81,43.98,0.189,9,50,0.9,False
PROD0468,Electronics,TechSource Asia,1,872.41,86.16,151.58,0.174,8,25,0.89,True
PROD0468,Electronics,ElectroPrime EU,2,991.73,76.18,226.11,0.228,6,25,0.93,False
PROD0468,Electronics,GlobalTech USA,3,1127.93,113.32,258.92,0.23,4,100,0.83,False
PROD0469,Clothing,FabricWorld CN,1,98.07,111.42,21.7,0.221,17,100,0.84,True
PROD0470,Clothing,FabricWorld CN,1,126.97,88.37,34.09,0.269,31,100,0.87,True
PROD0470,Clothing,StyleSupply TR,2,142.57,61.14,34.29,0.241,5,50,0.89,False
PROD0471,Sports & Outdoors,ActiveGear TW,1,88.03,86.24,19.61,0.223,39,25,0.86,True
PROD0471,Sports & Outdoors,OutdoorPro CA,2,98.32,61.0,22.71,0.231,11,25,0.98,False
PROD0472,Home & Kitchen,KitchenPro PL,1,120.98,116.82,19.37,0.16,12,100,0.97,True
PROD0472,Home & Kitchen,HomeGoods DE,2,135.07,33.68,25.71,0.19,10,100,0.85,False
PROD0473,Electronics,GlobalTech USA,1,563.33,97.51,119.76,0.213,9,50,0.76,True
PROD0474,Beauty & Health,BeautyLab FR,1,69.46,90.27,19.27,0.277,17,25,0.8,True
PROD0474,Beauty & Health,CosmeticsCo KR,2,78.83,137.78,22.27,0.282,43,25,0.94,False
PROD0475,Books,BookSupply DE,1,32.81,106.32,3.62,0.11,12,50,0.91,True
PROD0475,Books,PrintMedia UK,2,36.18,113.35,4.52,0.125,9,200,0.96,False
PROD0476,Sports & Outdoors,SportSupply US,1,49.16,135.97,11.5,0.234,5,200,0.81,True
PROD0476,Sports & Outdoors,ActiveGear TW,2,55.71,75.48,12.75,0.229,34,100,0.92,False
PROD0477,Toys & Games,ToyFactory CN,1,56.23,77.67,14.91,0.265,43,50,0.96,True
PROD0477,Toys & Games,GameSource JP,2,60.19,133.54,12.86,0.214,33,50,0.76,False
PROD0477,Toys & Games,PlaySupply US,3,66.51,58.9,16.95,0.255,9,25,0.8,False
PROD0478,Clothing,StyleSupply TR,1,36.88,85.67,10.3,0.279,15,10,0.83,True
PROD0478,Clothing,EuroFashion IT,2,40.89,33.38,10.79,0.264,12,100,0.87,False
PROD0479,Home & Kitchen,KitchenPro PL,1,65.07,83.81,10.06,0.155,10,50,0.88,True
PROD0480,Sports & Outdoors,SportSupply US,1,261.64,54.95,50.04,0.191,6,10,0.89,True
PROD0481,Home & Kitchen,HomeGoods DE,1,79.58,28.27,14.57,0.183,6,10,0.77,True
PROD0481,Home & Kitchen,KitchenPro PL,2,83.82,84.89,15.59,0.186,10,50,0.85,False
PROD0482,Home & Kitchen,DomesticSupply UK,1,197.18,109.19,40.8,0.207,14,25,0.92,True
PROD0483,Toys & Games,PlaySupply US,1,57.61,143.06,14.61,0.254,8,100,0.88,True
PROD0483,Toys & Games,ToyFactory CN,2,64.23,117.99,15.89,0.247,22,50,0.78,False
PROD0483,Toys & Games,GameSource JP,3,70.2,82.72,17.36,0.247,33,200,0.78,False
PROD0484,Clothing,StyleSupply TR,1,57.19,56.0,12.81,0.224,11,25,0.8,True
PROD0485,Books,PaperSource NL,1,24.89,23.36,2.57,0.103,5,200,0.9,True
PROD0485,Books,BookSupply DE,2,28.58,129.34,2.63,0.092,7,100,0.94,False
PROD0485,Books,PrintMedia UK,3,31.93,131.09,4.18,0.131,11,25,0.96,False
PROD0486,Toys & Games,PlaySupply US,1,31.61,101.97,8.06,0.255,9,200,0.79,True
PROD0487,Clothing,StyleSupply TR,1,34.38,44.3,7.7,0.224,5,50,0.93,True
PROD0488,Home & Kitchen,KitchenPro PL,1,152.67,137.21,31.38,0.206,17,25,0.97,True
PROD0489,Toys & Games,PlaySupply US,1,8.53,112.89,2.11,0.247,8,100,0.98,True
PROD0489,Toys & Games,ToyFactory CN,2,9.19,84.33,1.98,0.215,15,50,0.78,False
PROD0489,Toys & Games,GameSource JP,3,10.14,63.43,2.45,0.241,34,25,0.81,False
PROD0490,Electronics,ElectroPrime EU,1,779.97,20.21,145.85,0.187,14,25,0.83,True
PROD0491,Books,PrintMedia UK,1,8.5,66.31,1.12,0.132,17,50,0.83,True
PROD0492,Clothing,FabricWorld CN,1,19.53,42.02,5.04,0.258,28,50,0.97,True
PROD0492,Clothing,StyleSupply TR,2,21.04,68.16,5.35,0.254,13,50,0.97,False
PROD0492,Clothing,EuroFashion IT,3,24.9,85.24,6.13,0.246,5,25,0.76,False
PROD0493,Sports & Outdoors,SportSupply US,1,146.98,59.22,31.31,0.213,3,50,0.82,True
PROD0494,Clothing,StyleSupply TR,1,99.61,89.35,25.48,0.256,8,25,0.87,True
PROD0495,Clothing,EuroFashion IT,1,81.93,136.95,21.87,0.267,11,100,0.93,True
PROD0495,Clothing,FabricWorld CN,2,88.06,24.72,19.91,0.226,36,50,0.89,False
PROD0496,Home & Kitchen,HomeGoods DE,1,116.37,72.83,20.84,0.179,14,100,0.98,True
PROD0496,Home & Kitchen,KitchenPro PL,2,125.51,29.24,21.43,0.171,6,50,0.85,False
PROD0497,Clothing,StyleSupply TR,1,73.82,103.12,17.74,0.24,19,50,0.77,True
PROD0498,Clothing,EuroFashion IT,1,31.87,84.3,8.72,0.274,19,25,0.81,True
PROD0498,Clothing,FabricWorld CN,2,35.77,44.64,9.78,0.274,32,10,0.96,False
PROD0499,Clothing,FabricWorld CN,1,16.94,87.75,3.88,0.229,44,10,0.82,True
PROD0499,Clothing,EuroFashion IT,2,18.76,77.44,4.52,0.241,8,100,0.82,False
PROD0500,Beauty & Health,BeautyLab FR,1,22.55,36.94,6.11,0.271,18,100,0.76,True
